id,permalink,userUrl,author_name,fullname,avatar,verified,text,html,isRetweet,retweetedBy,replyingTo,relativeTime,displayTime,createdAt,images,links,comments,retweets,likes,Views,bank_ext,text_1,postUrl,replyText,text_v1,post,posttype,Sentiment
2044955402941673971,https://x.com/Kyodonews_JBN/status/2044955402941673971,https://x.com/Kyodonews_JBN,Kyodonews_JBN,KYODONEWS JBN,https://pbs.twimg.com/profile_images/2003285704613462020/Gn9wk2B__bigger.jpg,,"Emirates NBD successfully executes USD 250 Million Syndicated Term Loan facility for Dar Global, Accelerating Global Growth and Expansion【Dar Global】
https://t.co/ILzW7B8sby","Emirates NBD successfully executes USD 250 Million Syndicated Term Loan facility for Dar Global, Accelerating Global Growth and Expansion【Dar Global】
<a href=""https://kyodonewsprwire.jp/release/202604167601"">kyodonewsprwire.jp/release/2…</a>",False,,,53m,"Apr 17, 2026 · 1:45 AM UTC",2026-04-17T01:45:00Z,,['https://kyodonewsprwire.jp/release/202604167601'],0,0,0,2,ENBD,"Emirates NBD successfully executes USD 250 Million Syndicated Term Loan facility for Dar Global, Accelerating Global Growth and Expansion【Dar Global】
kyodonewsprwire.jp/release/2…",https://x.com/Kyodonews_JBN/status/2044955402941673971,"Emirates NBD successfully executes USD 250 Million Syndicated Term Loan facility for Dar Global, Accelerating Global Growth and Expansion【Dar Global】
https://t.co/ILzW7B8sby","Emirates NBD successfully executes USD 250 Million Syndicated Term Loan facility for Dar Global, Accelerating Global Growth and Expansion【Dar Global】
https://t.co/ILzW7B8sby","Emirates NBD successfully executes a USD 250 million syndicated term loan facility for Dar Global, accelerating global growth and expansion.",Cust,Positive
2044915426291826845,https://x.com/F44195Faleh/status/2044915426291826845,https://x.com/F44195Faleh,F44195Faleh,F,https://pbs.twimg.com/profile_images/1953301348285358080/pdSZsJWs_bigger.jpg,,"طموحاتك تحتاج سند مالي قوي
 اكتشف منتجاتنا الادخارية وخصص جزء من دخلك لبناء مستقبلك مع #بنك_الإمارات_دبي_الوطني 💙

للتفاصيل:https://t.co/oeE4XrSB6s https://t.co/QYrpXupJen",عندكم شراء مديونيه,False,,['EmiratesNBD_KSA'],3h,"Apr 16, 2026 · 11:06 PM UTC",2026-04-16T23:06:00Z,,,0,0,0,15,ENBD,عندكم شراء مديونيه,https://x.com/F44195Faleh/status/2044915426291826845,"طموحاتك تحتاج سند مالي قوي
 اكتشف منتجاتنا الادخارية وخصص جزء من دخلك لبناء مستقبلك مع #بنك_الإمارات_دبي_الوطني 💙

للتفاصيل:https://t.co/oeE4XrSB6s https://t.co/QYrpXupJen","طموحاتك تحتاج سند مالي قوي
 اكتشف منتجاتنا الادخارية وخصص جزء من دخلك لبناء مستقبلك مع #بنك_الإمارات_دبي_الوطني 💙

للتفاصيل:https://t.co/oeE4XrSB6s https://t.co/QYrpXupJen","Your ambitions need strong financial support. Discover our savings products and allocate a portion of your income to build your future with #Emirates_NBD 💙

For details: https://t.co/oeE4XrSB6s https://t.co/QYrpXupJen",Cust,Positive
2044884248746705270,https://x.com/Anakbrv_/status/2044884248746705270,https://x.com/Anakbrv_,Anakbrv_,Ana que ainda não superou o cancelamento de JATP,https://pbs.twimg.com/profile_images/2039537561287512064/Z5cYf7cD_bigger.jpg,,"Quer ganhar R$5 MIL no iFood? ✨

As regras são simples: 

1.⁠ ⁠dê RT nesse tweet.
2.⁠ ⁠comente MUITO com as tags #iFoodNoBBB26 e #BBB26 respondendo este tweet.

O @ com MAIS COMENTÁRIOS neste post é o ganhador!

Bora? Valendooo! Amanhã já teremos o campeão
Consulte regulamento na bio.

Comentários válidos até 16/04/2026 às 18:30","Comprar tudo que eu quero sem me preocupar com p preço  
<a href=""/search?f=tweets&amp;q=%23iFoodNoBBB26"">#iFoodNoBBB26</a> <a href=""/search?f=tweets&amp;q=%23BBB26"">#BBB26</a>  hehe enbd dh",False,,['iFood'],5h,"Apr 16, 2026 · 9:02 PM UTC",2026-04-16T21:02:00Z,,"['https://x.com/search?f=tweets&q=%23iFoodNoBBB26', 'https://x.com/search?f=tweets&q=%23BBB26']",0,0,0,23,ENBD,"Comprar tudo que eu quero sem me preocupar com p preço  
#iFoodNoBBB26 #BBB26  hehe enbd dh",https://x.com/Anakbrv_/status/2044884248746705270,"Quer ganhar R$5 MIL no iFood? ✨

As regras são simples: 

1.⁠ ⁠dê RT nesse tweet.
2.⁠ ⁠comente MUITO com as tags #iFoodNoBBB26 e #BBB26 respondendo este tweet.

O @ com MAIS COMENTÁRIOS neste post é o ganhador!

Bora? Valendooo! Amanhã já teremos o campeão
Consulte regulamento na bio.

Comentários válidos até 16/04/2026 às 18:30","Quer ganhar R$5 MIL no iFood? ✨

As regras são simples: 

1.⁠ ⁠dê RT nesse tweet.
2.⁠ ⁠comente MUITO com as tags #iFoodNoBBB26 e #BBB26 respondendo este tweet.

O @ com MAIS COMENTÁRIOS neste post é o ganhador!

Bora? Valendooo! Amanhã já teremos o campeão
Consulte regulamento na bio.

Comentários válidos até 16/04/2026 às 18:30","Want to win R$5,000 on iFood? ✨

The rules are simple:

1. Retweet this tweet.
2. Comment A LOT with the tags #iFoodNoBBB26 and #BBB26 responding to this tweet.

The @ with THE MOST COMMENTS on this post is the winner!

Let's go? It's on! Tomorrow we will have the champion.
Check the rules in the bio.

Valid comments until 04/16/2026 at 6:30 PM.",Cust,Neutral
2044868531251245548,https://x.com/RehmaniBahi/status/2044868531251245548,https://x.com/RehmaniBahi,RehmaniBahi,Usman Bahi 🕊️🍁🇵🇰,https://pbs.twimg.com/profile_images/2007805576127107072/a675e3rL_bigger.jpg,,"I am new here in Dubai @DubaiPoliceHQ, @DXBMediaOffice Please inform guide If someone use a VPN to call home country on WhatsApp because of restrictions, is that illegal? and there a penalty for it?
or only there is penalties when someone use VPN for illegal activities?
Thank you","Dear <a href=""/EmiratesNBD_AE"" title=""Emirates NBD"">@EmiratesNBD_AE</a> please help and guide is it possible to convert my current account which was recently created to &#34;Current/Salary Account&#34; which I had mistakenly created as &#34;Millionaire Savings Account&#34;
Your positive response will be appreciated! Thanks",False,,,6h,"Apr 16, 2026 · 8:00 PM UTC",2026-04-16T20:00:00Z,,['https://x.com/EmiratesNBD_AE'],0,0,0,9,ENBD,"Dear @EmiratesNBD_AE please help and guide is it possible to convert my current account which was recently created to ""Current/Salary Account"" which I had mistakenly created as ""Millionaire Savings Account""
Your positive response will be appreciated! Thanks",https://x.com/RehmaniBahi/status/2044868531251245548,"I am new here in Dubai @DubaiPoliceHQ, @DXBMediaOffice Please inform guide If someone use a VPN to call home country on WhatsApp because of restrictions, is that illegal? and there a penalty for it?
or only there is penalties when someone use VPN for illegal activities?
Thank you","I am new here in Dubai @DubaiPoliceHQ, @DXBMediaOffice Please inform guide If someone use a VPN to call home country on WhatsApp because of restrictions, is that illegal? and there a penalty for it?
or only there is penalties when someone use VPN for illegal activities?
Thank you","I am new here in Dubai @DubaiPoliceHQ, @DXBMediaOffice. Please inform me if using a VPN to call my home country on WhatsApp due to restrictions is illegal, and if there is a penalty for it, or if penalties only apply when someone uses a VPN for illegal activities. Thank you.",Cust,Neutral
2044849789800505744,https://x.com/Barigiin7m/status/2044849789800505744,https://x.com/Barigiin7m,Barigiin7m,Barigi,https://pbs.twimg.com/abs.twimg.com/sticky/default_profile_images/default_profile_bigger.png,,"سيارة حلمك تقدر تتملكها
جديدة ولا مستعملة نمولها لك مع التمويل التأجيري للسيارات من بنك الإمارات دبي الوطني",كم النسبه,False,,['EmiratesNBD_KSA'],7h,"Apr 16, 2026 · 6:45 PM UTC",2026-04-16T18:45:00Z,,,0,0,0,4,ENBD,كم النسبه,https://x.com/Barigiin7m/status/2044849789800505744,"سيارة حلمك تقدر تتملكها
جديدة ولا مستعملة نمولها لك مع التمويل التأجيري للسيارات من بنك الإمارات دبي الوطني","سيارة حلمك تقدر تتملكها
جديدة ولا مستعملة نمولها لك مع التمويل التأجيري للسيارات من بنك الإمارات دبي الوطني","You can own your dream car, whether new or used. We can finance it for you with the car leasing financing from Emirates NBD Bank.",Cust,Positive
2044796762028691877,https://x.com/M17322417/status/2044796762028691877,https://x.com/M17322417,M17322417,M - #يارب_بلايستيشن5,https://pbs.twimg.com/profile_images/1288819440902078465/Twk32eXp_bigger.jpg,,"رجّع 5% من مقاضي البقالة 😎 
باستخدام بطاقة مزيد الائتمانية من #بنك_الإمارات_دبي_الوطني 

للتفاصيل:https://t.co/b8HVJdpuqK https://t.co/kVUdwtCbBa",الغوا شرط صرف ١٠٠٠ ريال شهريا واموركم تزين,False,,['EmiratesNBD_KSA'],11h,"Apr 16, 2026 · 3:15 PM UTC",2026-04-16T15:15:00Z,,,0,0,0,5,ENBD,الغوا شرط صرف ١٠٠٠ ريال شهريا واموركم تزين,https://x.com/M17322417/status/2044796762028691877,"رجّع 5% من مقاضي البقالة 😎 
باستخدام بطاقة مزيد الائتمانية من #بنك_الإمارات_دبي_الوطني 

للتفاصيل:https://t.co/b8HVJdpuqK https://t.co/kVUdwtCbBa","رجّع 5% من مقاضي البقالة 😎 
باستخدام بطاقة مزيد الائتمانية من #بنك_الإمارات_دبي_الوطني 

للتفاصيل:https://t.co/b8HVJdpuqK https://t.co/kVUdwtCbBa","Get 5% back on grocery purchases 😎 using the Mazid credit card from #Emirates_NBD. 

For details: https://t.co/b8HVJdpuqK https://t.co/kVUdwtCbBa",Cust,Positive
2044788706364592302,https://x.com/TheJerzWay/status/2044788706364592302,https://x.com/TheJerzWay,TheJerzWay,The Way of Jerz,https://pbs.twimg.com/profile_images/1913317116746289152/7FrPXq66_bigger.jpg,,"30,000 people just fled Dubai.

The expat influencers are suddenly quiet.

Here's what actually happened and where the smart money went instead:

🧵","Meanwhile, the banking got harder:

• Emirates NBD closing accounts
• Compliance questions on every transaction
• &#34;Source of funds&#34; requests monthly
• Crypto? Good luck.

The &#34;business-friendly&#34; paradise started feeling a lot like everywhere else.",False,,,11h,"Apr 16, 2026 · 2:43 PM UTC",2026-04-16T14:43:00Z,,,4,4,76,20553,ENBD,"Meanwhile, the banking got harder:

• Emirates NBD closing accounts
• Compliance questions on every transaction
• ""Source of funds"" requests monthly
• Crypto? Good luck.

The ""business-friendly"" paradise started feeling a lot like everywhere else.",https://x.com/TheJerzWay/status/2044788706364592302,"30,000 people just fled Dubai.

The expat influencers are suddenly quiet.

Here's what actually happened and where the smart money went instead:

🧵","30,000 people just fled Dubai.

The expat influencers are suddenly quiet.

Here's what actually happened and where the smart money went instead:

🧵","30,000 people just fled Dubai.

The expat influencers are suddenly quiet.

Here's what actually happened and where the smart money went instead:",Cust,Neutral
2044777257898578369,https://x.com/mohamed50575321/status/2044777257898578369,https://x.com/mohamed50575321,mohamed50575321,Alaa,https://pbs.twimg.com/profile_images/1651667220303429632/pOQsNF9e_bigger.png,,"@EmiratesNBD_SA

حدد visa campain
شرط دخول الصالات بانفاق ١٠٠ دولار
لتكون البطاقه صالحه لمده ٩٠ يوم لدخول صالات
بينما بنك الامارات دبى الوطنى السعوديه وضع شرطا من راسه بانفاق ٣٠٠٠ ريال فى نفس ذات الشهر
بينما البنك فرض عليا رسوم ٣٢ دولار بظون وجه حق
طريقه احتيال يجب فيها التحقيق","<a href=""/EmiratesNBD_AE"" title=""Emirates NBD"">@EmiratesNBD_AE</a> تواصلت مع visa airport campain
و اكدوا عدم خصم اى رسوم من قبلهم
ليكون الرسوم من راس البنك للاحتيال على شروط فيزا
ارجو التحقيق من البنك المركزى
لانه البنك الوحيد اللى فعل هذا",False,,,12h,"Apr 16, 2026 · 1:57 PM UTC",2026-04-16T13:57:00Z,,['https://x.com/EmiratesNBD_AE'],1,0,0,11,ENBD,"@EmiratesNBD_AE تواصلت مع visa airport campain
و اكدوا عدم خصم اى رسوم من قبلهم
ليكون الرسوم من راس البنك للاحتيال على شروط فيزا
ارجو التحقيق من البنك المركزى
لانه البنك الوحيد اللى فعل هذا",https://x.com/mohamed50575321/status/2044777257898578369,"@EmiratesNBD_SA

حدد visa campain
شرط دخول الصالات بانفاق ١٠٠ دولار
لتكون البطاقه صالحه لمده ٩٠ يوم لدخول صالات
بينما بنك الامارات دبى الوطنى السعوديه وضع شرطا من راسه بانفاق ٣٠٠٠ ريال فى نفس ذات الشهر
بينما البنك فرض عليا رسوم ٣٢ دولار بظون وجه حق
طريقه احتيال يجب فيها التحقيق","@EmiratesNBD_SA

حدد visa campain
شرط دخول الصالات بانفاق ١٠٠ دولار
لتكون البطاقه صالحه لمده ٩٠ يوم لدخول صالات
بينما بنك الامارات دبى الوطنى السعوديه وضع شرطا من راسه بانفاق ٣٠٠٠ ريال فى نفس ذات الشهر
بينما البنك فرض عليا رسوم ٣٢ دولار بظون وجه حق
طريقه احتيال يجب فيها التحقيق","Emirates NBD_SA

The visa campaign requires spending $100 to make the card valid for 90 days for lounge access. Meanwhile, Emirates NBD Saudi Arabia has imposed its own condition of spending 3,000 riyals in the same month. Additionally, the bank charged me a fee of $32 without justification. This is a fraudulent practice that needs to be investigated.",Cust,Negative
2044762914725277798,https://x.com/NovoCinemas/status/2044762914725277798,https://x.com/NovoCinemas,NovoCinemas,Novo Cinemas,https://pbs.twimg.com/profile_images/2008888282768429056/a3q3GqDa_bigger.jpg,,"The kings of comedy and horror are reunited 👻🤣 #AkshayKumar and #Priyadarshan return with #BhootBangla, bringing haunted-palace chaos, laughs and scares with #PareshRawal and #Tabu. Now Showing at Novo Cinemas. Book now at https://t.co/w2yAiSn6ht or the Novo App. https://t.co/vHPASzr5Pa","Sometimes, all you need is a quiet escape into a great story. 🎞️🤍 Use your Emirates NBD card at Novo Cinemas to enjoy 15% off tickets any day of the week. A simple way to reward yourself with a moment of peace. Book your tickets now by visiting <a href=""http://NovoCinemas.com"">NovoCinemas.com</a> or the App",False,,,13h,"Apr 16, 2026 · 1:00 PM UTC",2026-04-16T13:00:00Z,,['http://NovoCinemas.com'],0,0,0,35,ENBD,"Sometimes, all you need is a quiet escape into a great story. 🎞️🤍 Use your Emirates NBD card at Novo Cinemas to enjoy 15% off tickets any day of the week. A simple way to reward yourself with a moment of peace. Book your tickets now by visiting NovoCinemas.com or the App",https://x.com/NovoCinemas/status/2044762914725277798,"The kings of comedy and horror are reunited 👻🤣 #AkshayKumar and #Priyadarshan return with #BhootBangla, bringing haunted-palace chaos, laughs and scares with #PareshRawal and #Tabu. Now Showing at Novo Cinemas. Book now at https://t.co/w2yAiSn6ht or the Novo App. https://t.co/vHPASzr5Pa","The kings of comedy and horror are reunited 👻🤣 #AkshayKumar and #Priyadarshan return with #BhootBangla, bringing haunted-palace chaos, laughs and scares with #PareshRawal and #Tabu. Now Showing at Novo Cinemas. Book now at https://t.co/w2yAiSn6ht or the Novo App. https://t.co/vHPASzr5Pa","The kings of comedy and horror are reunited 👻🤣 #AkshayKumar and #Priyadarshan return with #BhootBangla, bringing haunted-palace chaos, laughs, and scares with #PareshRawal and #Tabu. Now showing at Novo Cinemas. Book now at https://t.co/w2yAiSn6ht or the Novo App. https://t.co/vHPASzr5Pa",Cust,Neutral
2044758697386348926,https://x.com/HomszRami/status/2044758697386348926,https://x.com/HomszRami,HomszRami,Rami Almsri,https://pbs.twimg.com/profile_images/1350012724135276544/b1uy5xLK_bigger.jpg,,"ليست كل أنواع الفوائد متشابهة — فبعضها بسيط.
هل تستطيع تسمية هذا النوع؟ شاركنا إجابتك.
#لغز_الأسبوع_ENBD #أساسيات_المال #تعلم_المالية https://t.co/gAgAYclmU0","الإجابة هي الفائدة البسيطة <a href=""/search?f=tweets&amp;q=%23لغز_الأسبوع_للحاصلين_على_شهادة_الهندسة_المدنية"">#لغز_الأسبوع_للحاصلين_على_شهادة_الهندسة_المدنية</a> <a href=""/search?f=tweets&amp;q=%23تعلم_المالية"">#تعلم_المالية</a> <a href=""/search?f=tweets&amp;q=%23أساسيات_المال"">#أساسيات_المال</a>",False,,['EmiratesNBD_AE'],13h,"Apr 16, 2026 · 12:43 PM UTC",2026-04-16T12:43:00Z,,"['https://x.com/search?f=tweets&q=%23لغز_الأسبوع_للحاصلين_على_شهادة_الهندسة_المدنية', 'https://x.com/search?f=tweets&q=%23تعلم_المالية', 'https://x.com/search?f=tweets&q=%23أساسيات_المال']",0,0,1,7,ENBD,الإجابة هي الفائدة البسيطة #لغز_الأسبوع_للحاصلين_على_شهادة_الهندسة_المدنية #تعلم_المالية #أساسيات_المال,https://x.com/HomszRami/status/2044758697386348926,"ليست كل أنواع الفوائد متشابهة — فبعضها بسيط.
هل تستطيع تسمية هذا النوع؟ شاركنا إجابتك.
#لغز_الأسبوع_ENBD #أساسيات_المال #تعلم_المالية https://t.co/gAgAYclmU0","ليست كل أنواع الفوائد متشابهة — فبعضها بسيط.
هل تستطيع تسمية هذا النوع؟ شاركنا إجابتك.
#لغز_الأسبوع_ENBD #أساسيات_المال #تعلم_المالية https://t.co/gAgAYclmU0",Not all types of interest are the same — some are simple. Can you name this type? Share your answer with us.,Cust,Neutral
2044743592040595538,https://x.com/EmiratesNBD_AE/status/2044743592040595538,https://x.com/EmiratesNBD_AE,EmiratesNBD_AE,Emirates NBD,https://pbs.twimg.com/profile_images/2042294543308242946/ScvMjarh_bigger.jpg,,"استثمر في الأسهم و الصكوك و السندات و المعادن الثمينة (الذهب و الفضة)، كل ذلك من خلال تطبيق ENBD X.
فرص استثمارية لا حصر لها، ابدأ الاستثمار اليوم
https://t.co/6sm1UoslrI https://t.co/XdDf9aQ6x7","استثمر في الأسهم و الصكوك و السندات و المعادن الثمينة (الذهب و الفضة)، كل ذلك من خلال تطبيق ENBD X.
فرص استثمارية لا حصر لها، ابدأ الاستثمار اليوم
<a href=""https://www.emiratesnbd.com/ar/ways-of-banking/mobile-banking/start-investing-on-enbdx"">emiratesnbd.com/ar/ways-of-b…</a>",False,,,14h,"Apr 16, 2026 · 11:43 AM UTC",2026-04-16T11:43:00Z,,['https://www.emiratesnbd.com/ar/ways-of-banking/mobile-banking/start-investing-on-enbdx'],0,1,2,313,ENBD,"استثمر في الأسهم و الصكوك و السندات و المعادن الثمينة (الذهب و الفضة)، كل ذلك من خلال تطبيق ENBD X.
فرص استثمارية لا حصر لها، ابدأ الاستثمار اليوم
emiratesnbd.com/ar/ways-of-b…",https://x.com/EmiratesNBD_AE/status/2044743592040595538,"استثمر في الأسهم و الصكوك و السندات و المعادن الثمينة (الذهب و الفضة)، كل ذلك من خلال تطبيق ENBD X.
فرص استثمارية لا حصر لها، ابدأ الاستثمار اليوم
https://t.co/6sm1UoslrI https://t.co/XdDf9aQ6x7","استثمر في الأسهم و الصكوك و السندات و المعادن الثمينة (الذهب و الفضة)، كل ذلك من خلال تطبيق ENBD X.
فرص استثمارية لا حصر لها، ابدأ الاستثمار اليوم
https://t.co/6sm1UoslrI https://t.co/XdDf9aQ6x7","Invest in stocks, sukuk, bonds, and precious metals (gold and silver), all through the ENBD X app. Endless investment opportunities, start investing today.",Bank,Positive
2044734491336282349,https://x.com/masryeng/status/2044734491336282349,https://x.com/masryeng,masryeng,El-Sayed El-Masry,https://pbs.twimg.com/profile_images/1768318685356130304/iD9SmaJ3_bigger.jpg,,"Not all interests work the same way — some are simple.
Can you name this type? Comment your answer.
#ENBDRiddleOfTheWeek #MoneyBasics #LearnFinance https://t.co/05i14Flw98","نزلتوا غرامه غير مستحقه علي بطاقة فيزا الائتمانية ورفعت ايميل بالمشكلة ولا تن الرد 
لا انصح بالتعامل معهم",False,,['EmiratesNBD_AE'],15h,"Apr 16, 2026 · 11:07 AM UTC",2026-04-16T11:07:00Z,,,1,0,0,15,ENBD,"نزلتوا غرامه غير مستحقه علي بطاقة فيزا الائتمانية ورفعت ايميل بالمشكلة ولا تن الرد 
لا انصح بالتعامل معهم",https://x.com/masryeng/status/2044734491336282349,"Not all interests work the same way — some are simple.
Can you name this type? Comment your answer.
#ENBDRiddleOfTheWeek #MoneyBasics #LearnFinance https://t.co/05i14Flw98","Not all interests work the same way — some are simple.
Can you name this type? Comment your answer.
#ENBDRiddleOfTheWeek #MoneyBasics #LearnFinance https://t.co/05i14Flw98",Not all interests work the same way — some are simple. Can you name this type? Comment your answer.,Cust,Neutral
2044733124177743954,https://x.com/masryeng/status/2044733124177743954,https://x.com/masryeng,masryeng,El-Sayed El-Masry,https://pbs.twimg.com/profile_images/1768318685356130304/iD9SmaJ3_bigger.jpg,,"Manage your wealth with expertise you can trust. Contact us today https://t.co/XmTzVbwpLQ
#EmiratesNBD #WealthManagement https://t.co/1RVFBUcixf","عندي بطاقه ائتمانية ونزلتوا عليها مبلغ غرامه غير مستحقه ورفعت لكم ايميل ولا ردتوا علي الايميل 
لا انصح بالتعامل معاهم",False,,['EmiratesNBD_AE'],15h,"Apr 16, 2026 · 11:02 AM UTC",2026-04-16T11:02:00Z,,,0,0,0,62,ENBD,"عندي بطاقه ائتمانية ونزلتوا عليها مبلغ غرامه غير مستحقه ورفعت لكم ايميل ولا ردتوا علي الايميل 
لا انصح بالتعامل معاهم",https://x.com/masryeng/status/2044733124177743954,"Manage your wealth with expertise you can trust. Contact us today https://t.co/XmTzVbwpLQ
#EmiratesNBD #WealthManagement https://t.co/1RVFBUcixf","Manage your wealth with expertise you can trust. Contact us today https://t.co/XmTzVbwpLQ
#EmiratesNBD #WealthManagement https://t.co/1RVFBUcixf",Manage your wealth with expertise you can trust. Contact us today.,Cust,Neutral
2044730856070144064,https://x.com/dar_global/status/2044730856070144064,https://x.com/dar_global,dar_global,DarGlobal,https://pbs.twimg.com/profile_images/1904290533372985344/OQZ0hS5Q_bigger.jpg,,"Emirates NBD successfully executes USD 250 Million Syndicated Term Loan facility for Darglobal, Accelerating Global Growth and Expansion https://t.co/EnXMEkr31m https://t.co/CkhOYQYv3e","Emirates NBD successfully executes USD 250 Million Syndicated Term Loan facility for Darglobal, Accelerating Global Growth and Expansion <a href=""https://darglobal.co.uk/press/emirates-nbd-usd-250m-syndicated-loan-dar-global-expansion-uae"">darglobal.co.uk/press/emirat…</a>",False,,,15h,"Apr 16, 2026 · 10:53 AM UTC",2026-04-16T10:53:00Z,,['https://darglobal.co.uk/press/emirates-nbd-usd-250m-syndicated-loan-dar-global-expansion-uae'],0,1,0,82,ENBD,"Emirates NBD successfully executes USD 250 Million Syndicated Term Loan facility for Darglobal, Accelerating Global Growth and Expansion darglobal.co.uk/press/emirat…",https://x.com/dar_global/status/2044730856070144064,"Emirates NBD successfully executes USD 250 Million Syndicated Term Loan facility for Darglobal, Accelerating Global Growth and Expansion https://t.co/EnXMEkr31m https://t.co/CkhOYQYv3e","Emirates NBD successfully executes USD 250 Million Syndicated Term Loan facility for Darglobal, Accelerating Global Growth and Expansion https://t.co/EnXMEkr31m https://t.co/CkhOYQYv3e","Emirates NBD successfully executes a USD 250 million syndicated term loan facility for Darglobal, accelerating global growth and expansion.",Cust,Positive
2044728681705390440,https://x.com/AyshaMoham64638/status/2044728681705390440,https://x.com/AyshaMoham64638,AyshaMoham64638,Aysha Mohammad,https://pbs.twimg.com/profile_images/1676392392138579982/dZRAYQV-_bigger.jpg,,"Three messages say your Emirates ID or residence visa needs to be renewed. 

Two are genuine and one is a trap designed to steal your data. Can you spot the fake message? 

Share your answer in the comments, put your scam detection skills to the test and stand the chance to win AED 2,000.

#UnitedAgainstFraud 

تصلك ثلاث رسائل تفيد بأن هويتك الإماراتية أو تأشيرة إقامتك بحاجة إلى تجديد.
اثنتان منهما حقيقيتان، وواحدة فخ احتيالي صُمّم لسرقة بياناتك.

هل تستطيع كشف الرسالة المزيّفة؟ 

شارك إجابتك في التعليقات، اختبر مهاراتك في كشف الاحتيال، واحصل على فرصة ربح 2,000 درهم.

 #متحدون_ضد_الاحتيال",SMS2 .,False,,['EmiratesNBD_AE'],15h,"Apr 16, 2026 · 10:44 AM UTC",2026-04-16T10:44:00Z,,,0,0,0,0,ENBD,SMS2 .,https://x.com/AyshaMoham64638/status/2044728681705390440,"Three messages say your Emirates ID or residence visa needs to be renewed. 

Two are genuine and one is a trap designed to steal your data. Can you spot the fake message? 

Share your answer in the comments, put your scam detection skills to the test and stand the chance to win AED 2,000.

#UnitedAgainstFraud 

تصلك ثلاث رسائل تفيد بأن هويتك الإماراتية أو تأشيرة إقامتك بحاجة إلى تجديد.
اثنتان منهما حقيقيتان، وواحدة فخ احتيالي صُمّم لسرقة بياناتك.

هل تستطيع كشف الرسالة المزيّفة؟ 

شارك إجابتك في التعليقات، اختبر مهاراتك في كشف الاحتيال، واحصل على فرصة ربح 2,000 درهم.

 #متحدون_ضد_الاحتيال","Three messages say your Emirates ID or residence visa needs to be renewed. 

Two are genuine and one is a trap designed to steal your data. Can you spot the fake message? 

Share your answer in the comments, put your scam detection skills to the test and stand the chance to win AED 2,000.

#UnitedAgainstFraud 

تصلك ثلاث رسائل تفيد بأن هويتك الإماراتية أو تأشيرة إقامتك بحاجة إلى تجديد.
اثنتان منهما حقيقيتان، وواحدة فخ احتيالي صُمّم لسرقة بياناتك.

هل تستطيع كشف الرسالة المزيّفة؟ 

شارك إجابتك في التعليقات، اختبر مهاراتك في كشف الاحتيال، واحصل على فرصة ربح 2,000 درهم.

 #متحدون_ضد_الاحتيال","Three messages say your Emirates ID or residence visa needs to be renewed. 

Two are genuine and one is a trap designed to steal your data. Can you spot the fake message? 

Share your answer in the comments, put your scam detection skills to the test and stand the chance to win AED 2,000.

#UnitedAgainstFraud",Cust,Neutral
2044728654954111007,https://x.com/AyshaMoham64638/status/2044728654954111007,https://x.com/AyshaMoham64638,AyshaMoham64638,Aysha Mohammad,https://pbs.twimg.com/profile_images/1676392392138579982/dZRAYQV-_bigger.jpg,,@EmiratesNBD_AE SMS2,SMS2,False,,['EmiratesNBD_AE'],15h,"Apr 16, 2026 · 10:44 AM UTC",2026-04-16T10:44:00Z,,,0,0,0,2,ENBD,SMS2,https://x.com/AyshaMoham64638/status/2044728654954111007,@EmiratesNBD_AE SMS2,@EmiratesNBD_AE SMS2,@EmiratesNBD_AE SMS2,Cust,Neutral
2044721846457655694,https://x.com/FintechGate1/status/2044721846457655694,https://x.com/FintechGate1,FintechGate1,FinTech Gate-بوابة التكنولوجيا المالية,https://pbs.twimg.com/profile_images/1630704388531470336/_2WZb_12_bigger.jpg,,"«الإمارات دبي الوطني» ينفذ تسهيلات قرض مشترك بقيمة 250 مليون دولار لصالح «دار جلوبال»

https://t.co/t5ea8OOIgX | التفاصيل 

@EmiratesNBD_AE
@dar_global
#fintech_gate
#الإمارات_دبي_الوطني #دار_جلوبال https://t.co/o7GYOB2HP9","«الإمارات دبي الوطني» ينفذ تسهيلات قرض مشترك بقيمة 250 مليون دولار لصالح «دار جلوبال»

<a href=""https://fintechgate.net/8hpf"">fintechgate.net/8hpf</a> | التفاصيل 

<a href=""/EmiratesNBD_AE"" title=""Emirates NBD"">@EmiratesNBD_AE</a>
<a href=""/dar_global"" title=""DarGlobal"">@dar_global</a>
<a href=""/search?f=tweets&amp;q=%23fintech_gate"">#fintech_gate</a>
<a href=""/search?f=tweets&amp;q=%23الإمارات_دبي_الوطني"">#الإمارات_دبي_الوطني</a> <a href=""/search?f=tweets&amp;q=%23دار_جلوبال"">#دار_جلوبال</a>",False,,,16h,"Apr 16, 2026 · 10:17 AM UTC",2026-04-16T10:17:00Z,,"['https://fintechgate.net/8hpf', 'https://x.com/EmiratesNBD_AE', 'https://x.com/dar_global', 'https://x.com/search?f=tweets&q=%23fintech_gate', 'https://x.com/search?f=tweets&q=%23الإمارات_دبي_الوطني', 'https://x.com/search?f=tweets&q=%23دار_جلوبال']",0,1,0,63,ENBD,"«الإمارات دبي الوطني» ينفذ تسهيلات قرض مشترك بقيمة 250 مليون دولار لصالح «دار جلوبال»

fintechgate.net/8hpf | التفاصيل 

@EmiratesNBD_AE
@dar_global
#fintech_gate
#الإمارات_دبي_الوطني #دار_جلوبال",https://x.com/FintechGate1/status/2044721846457655694,"«الإمارات دبي الوطني» ينفذ تسهيلات قرض مشترك بقيمة 250 مليون دولار لصالح «دار جلوبال»

https://t.co/t5ea8OOIgX | التفاصيل 

@EmiratesNBD_AE
@dar_global
#fintech_gate
#الإمارات_دبي_الوطني #دار_جلوبال https://t.co/o7GYOB2HP9","«الإمارات دبي الوطني» ينفذ تسهيلات قرض مشترك بقيمة 250 مليون دولار لصالح «دار جلوبال»

https://t.co/t5ea8OOIgX | التفاصيل 

@EmiratesNBD_AE
@dar_global
#fintech_gate
#الإمارات_دبي_الوطني #دار_جلوبال https://t.co/o7GYOB2HP9",Emirates NBD implements a syndicated loan facility worth $250 million for Dar Global.,Cust,Positive
2044715070912188821,https://x.com/GCCBusinessNews/status/2044715070912188821,https://x.com/GCCBusinessNews,GCCBusinessNews,GCC Business News,https://pbs.twimg.com/profile_images/1253796411872862212/h2Q8-9rJ_bigger.jpg,,"Dubai Holding Real Estate and Emirates NBD have signed an MoU to introduce integrated mortgage financing for off-plan developments in Dubai.
https://t.co/7Rqdx9rNls

#SaudiArabia #DigitalTransformation #DGA #GovTech #Innovation  #GCCBusinessNews @dubaiholding  @EmiratesNBD_AE https://t.co/SdUcJuRdBY","Dubai Holding Real Estate and Emirates NBD have signed an MoU to introduce integrated mortgage financing for off-plan developments in Dubai.
<a href=""https://www.gccbusinessnews.com/dubai-holding-emirates-nbd-mortgage-deal/"">gccbusinessnews.com/dubai-ho…</a>

<a href=""/search?f=tweets&amp;q=%23SaudiArabia"">#SaudiArabia</a> <a href=""/search?f=tweets&amp;q=%23DigitalTransformation"">#DigitalTransformation</a> <a href=""/search?f=tweets&amp;q=%23DGA"">#DGA</a> <a href=""/search?f=tweets&amp;q=%23GovTech"">#GovTech</a> <a href=""/search?f=tweets&amp;q=%23Innovation"">#Innovation</a>  <a href=""/search?f=tweets&amp;q=%23GCCBusinessNews"">#GCCBusinessNews</a> <a href=""/dubaiholding"" title=""Dubai Holding"">@dubaiholding</a>  <a href=""/EmiratesNBD_AE"" title=""Emirates NBD"">@EmiratesNBD_AE</a>",False,,,16h,"Apr 16, 2026 · 9:50 AM UTC",2026-04-16T09:50:00Z,,"['https://www.gccbusinessnews.com/dubai-holding-emirates-nbd-mortgage-deal/', 'https://x.com/search?f=tweets&q=%23SaudiArabia', 'https://x.com/search?f=tweets&q=%23DigitalTransformation', 'https://x.com/search?f=tweets&q=%23DGA', 'https://x.com/search?f=tweets&q=%23GovTech', 'https://x.com/search?f=tweets&q=%23Innovation', 'https://x.com/search?f=tweets&q=%23GCCBusinessNews', 'https://x.com/dubaiholding', 'https://x.com/EmiratesNBD_AE']",0,0,0,24,ENBD,"Dubai Holding Real Estate and Emirates NBD have signed an MoU to introduce integrated mortgage financing for off-plan developments in Dubai.
gccbusinessnews.com/dubai-ho…

#SaudiArabia #DigitalTransformation #DGA #GovTech #Innovation  #GCCBusinessNews @dubaiholding  @EmiratesNBD_AE",https://x.com/GCCBusinessNews/status/2044715070912188821,"Dubai Holding Real Estate and Emirates NBD have signed an MoU to introduce integrated mortgage financing for off-plan developments in Dubai.
https://t.co/7Rqdx9rNls

#SaudiArabia #DigitalTransformation #DGA #GovTech #Innovation  #GCCBusinessNews @dubaiholding  @EmiratesNBD_AE https://t.co/SdUcJuRdBY","Dubai Holding Real Estate and Emirates NBD have signed an MoU to introduce integrated mortgage financing for off-plan developments in Dubai.
https://t.co/7Rqdx9rNls

#SaudiArabia #DigitalTransformation #DGA #GovTech #Innovation  #GCCBusinessNews @dubaiholding  @EmiratesNBD_AE https://t.co/SdUcJuRdBY",Dubai Holding Real Estate and Emirates NBD have signed a Memorandum of Understanding to introduce integrated mortgage financing for off-plan developments in Dubai.,Cust,Positive
2044709886311985369,https://x.com/OMFIF/status/2044709886311985369,https://x.com/OMFIF,OMFIF,OMFIF,https://pbs.twimg.com/profile_images/1171002953228046337/H7K26AQF_bigger.png,,"In 1989 #ViktorOrbán launched himself into the centre of Hungarian politics with an anti-Russia, pro-liberal speech. However, political support for Orbán has dwindled in the last few years, and this year’s election saw challenger #PéterMagyar win.
https://t.co/awg2X83gbi https://t.co/myWYSUumtU","Last year, on OMFIF’s <a href=""/search?f=tweets&amp;q=%23GenderBalanceIndex"">#GenderBalanceIndex</a>, the least‑scoring commercial banks were:
<a href=""/HDFC_Bank"" title=""HDFC Bank"">@HDFC_Bank</a> 
<a href=""/EmiratesNBD_AE"" title=""Emirates NBD"">@EmiratesNBD_AE</a> 
<a href=""/Bancolombia"" title=""Bancolombia"">@Bancolombia</a> 
<a href=""/mizuhobank"" title=""みずほ銀行"">@mizuhobank</a> 
<a href=""/Bradesco"" title=""bradesco"">@Bradesco</a> 

Want to see how commercial banks performed over the last 5 years? Explore it here: <a href=""https://app.powerbi.com/view?r=eyJrIjoiZGYwZThkNWItYjdjMC00NTNmLWE0OTctYjA4ZTZhYTUzYjYxIiwidCI6ImNkZTEwNjE3LTZlNzMtNGIxYS1iYjY4LWQzOTViNDgzNjk4YiJ9"">app.powerbi.com/view?r=eyJrI…</a>",False,,,17h,"Apr 16, 2026 · 9:30 AM UTC",2026-04-16T09:30:00Z,,"['https://x.com/search?f=tweets&q=%23GenderBalanceIndex', 'https://x.com/HDFC_Bank', 'https://x.com/EmiratesNBD_AE', 'https://x.com/Bancolombia', 'https://x.com/mizuhobank', 'https://x.com/Bradesco', 'https://app.powerbi.com/view?r=eyJrIjoiZGYwZThkNWItYjdjMC00NTNmLWE0OTctYjA4ZTZhYTUzYjYxIiwidCI6ImNkZTEwNjE3LTZlNzMtNGIxYS1iYjY4LWQzOTViNDgzNjk4YiJ9']",0,0,1,168,ENBD,"Last year, on OMFIF’s #GenderBalanceIndex, the least‑scoring commercial banks were:
@HDFC_Bank 
@EmiratesNBD_AE 
@Bancolombia 
@mizuhobank 
@Bradesco 

Want to see how commercial banks performed over the last 5 years? Explore it here: app.powerbi.com/view?r=eyJrI…",https://x.com/OMFIF/status/2044709886311985369,"In 1989 #ViktorOrbán launched himself into the centre of Hungarian politics with an anti-Russia, pro-liberal speech. However, political support for Orbán has dwindled in the last few years, and this year’s election saw challenger #PéterMagyar win.
https://t.co/awg2X83gbi https://t.co/myWYSUumtU","In 1989 #ViktorOrbán launched himself into the centre of Hungarian politics with an anti-Russia, pro-liberal speech. However, political support for Orbán has dwindled in the last few years, and this year’s election saw challenger #PéterMagyar win.
https://t.co/awg2X83gbi https://t.co/myWYSUumtU","In 1989, Viktor Orbán launched himself into the center of Hungarian politics with an anti-Russia, pro-liberal speech. However, political support for Orbán has dwindled in the last few years, and this year’s election saw challenger Péter Magyar win.",Cust,Neutral
2044694547498696848,https://x.com/msa3474/status/2044694547498696848,https://x.com/msa3474,msa3474,AHMARI,https://pbs.twimg.com/profile_images/1943001907854802944/sB6fjZIf_bigger.jpg,,"سافر لوجهتك، وقسط دفعاتها مع 0% هامش ربح ✈️
على طيران الإمارات باستخدام بطاقات #بنك_الإمارات_دبي_الوطني الائتمانية",الرسائل الخاصه مقفله لديكم,False,,['EmiratesNBD_KSA'],18h,"Apr 16, 2026 · 8:29 AM UTC",2026-04-16T08:29:00Z,,,1,0,0,11,ENBD,الرسائل الخاصه مقفله لديكم,https://x.com/msa3474/status/2044694547498696848,"سافر لوجهتك، وقسط دفعاتها مع 0% هامش ربح ✈️
على طيران الإمارات باستخدام بطاقات #بنك_الإمارات_دبي_الوطني الائتمانية","سافر لوجهتك، وقسط دفعاتها مع 0% هامش ربح ✈️
على طيران الإمارات باستخدام بطاقات #بنك_الإمارات_دبي_الوطني الائتمانية",Travel to your destination and pay in installments with 0% profit margin ✈️ on Emirates Airlines using #Emirates_NBD credit cards.,Cust,Positive
2044694249686323218,https://x.com/msa3474/status/2044694249686323218,https://x.com/msa3474,msa3474,AHMARI,https://pbs.twimg.com/profile_images/1943001907854802944/sB6fjZIf_bigger.jpg,,@EmiratesNBD_KSA الرجاء إرسال رسالة خاصة لكي ارد عليكم,الرجاء إرسال رسالة خاصة لكي ارد عليكم,False,,['EmiratesNBD_KSA'],18h,"Apr 16, 2026 · 8:27 AM UTC",2026-04-16T08:27:00Z,,,0,0,0,4,ENBD,الرجاء إرسال رسالة خاصة لكي ارد عليكم,https://x.com/msa3474/status/2044694249686323218,@EmiratesNBD_KSA الرجاء إرسال رسالة خاصة لكي ارد عليكم,@EmiratesNBD_KSA الرجاء إرسال رسالة خاصة لكي ارد عليكم,@EmiratesNBD_KSA please send a private message so I can respond to you.,Cust,Neutral
2044693858894700659,https://x.com/msa3474/status/2044693858894700659,https://x.com/msa3474,msa3474,AHMARI,https://pbs.twimg.com/profile_images/1943001907854802944/sB6fjZIf_bigger.jpg,,@EmiratesNBD_KSA احاول ارسلها خاص لم يتم الارسال,احاول ارسلها خاص لم يتم الارسال,False,,['EmiratesNBD_KSA'],18h,"Apr 16, 2026 · 8:26 AM UTC",2026-04-16T08:26:00Z,,,0,0,0,2,ENBD,احاول ارسلها خاص لم يتم الارسال,https://x.com/msa3474/status/2044693858894700659,@EmiratesNBD_KSA احاول ارسلها خاص لم يتم الارسال,@EmiratesNBD_KSA احاول ارسلها خاص لم يتم الارسال,"I am trying to send it privately, but it has not been sent.",Cust,Negative
2044683879332589921,https://x.com/gulf_news/status/2044683879332589921,https://x.com/gulf_news,gulf_news,Gulf News,https://pbs.twimg.com/profile_images/2044041782519050242/muvl0wJC_bigger.jpg,,Best Foods High in Fiber https://t.co/j3Qv2TBkZl,"Dubai opens earlier mortgage access for off-plan buyers as Dubai Holding Real Estate and Emirates NBD integrate financing at booking to boost homeownership.
<a href=""https://mrf.lu/vYwK"">mrf.lu/vYwK</a>",False,,,18h,"Apr 16, 2026 · 7:46 AM UTC",2026-04-16T07:46:00Z,,['https://mrf.lu/vYwK'],1,17,81,18983,ENBD,"Dubai opens earlier mortgage access for off-plan buyers as Dubai Holding Real Estate and Emirates NBD integrate financing at booking to boost homeownership.
mrf.lu/vYwK",https://x.com/gulf_news/status/2044683879332589921,Best Foods High in Fiber https://t.co/j3Qv2TBkZl,Best Foods High in Fiber https://t.co/j3Qv2TBkZl,Best Foods High in Fiber,Cust,Neutral
2044676629453213871,https://x.com/proptglobal/status/2044676629453213871,https://x.com/proptglobal,proptglobal,PROPT,https://pbs.twimg.com/profile_images/1983901439580614656/g7YCwC90_bigger.jpg,,"Dubai Holding Real Estate and Emirates NBD just teamed up to revolutionize off-plan mortgage financing🤝

🔗Download the Propt!
Appstore: https://t.co/sq8ARTKsof
Playstore: https://t.co/Ju874t2DvN

#HomeBuying #EmiratesNBD https://t.co/dSn1Zqufyh","Dubai Holding Real Estate and Emirates NBD just teamed up to revolutionize off-plan mortgage financing🤝

🔗Download the Propt!
Appstore: <a href=""https://apps.apple.com/pk/app/propt-real-estate-news/id6756180631"">apps.apple.com/pk/app/propt-…</a>
Playstore: <a href=""https://play.google.com/store/apps/details?id=com.propt.ProptGlobal"">play.google.com/store/apps/d…</a>

<a href=""/search?f=tweets&amp;q=%23HomeBuying"">#HomeBuying</a> <a href=""/search?f=tweets&amp;q=%23EmiratesNBD"">#EmiratesNBD</a>",False,,,19h,"Apr 16, 2026 · 7:17 AM UTC",2026-04-16T07:17:00Z,,"['https://apps.apple.com/pk/app/propt-real-estate-news/id6756180631', 'https://play.google.com/store/apps/details?id=com.propt.ProptGlobal', 'https://x.com/search?f=tweets&q=%23HomeBuying', 'https://x.com/search?f=tweets&q=%23EmiratesNBD']",0,0,1,11,ENBD,"Dubai Holding Real Estate and Emirates NBD just teamed up to revolutionize off-plan mortgage financing🤝

🔗Download the Propt!
Appstore: apps.apple.com/pk/app/propt-…
Playstore: play.google.com/store/apps/d…

#HomeBuying #EmiratesNBD",https://x.com/proptglobal/status/2044676629453213871,"Dubai Holding Real Estate and Emirates NBD just teamed up to revolutionize off-plan mortgage financing🤝

🔗Download the Propt!
Appstore: https://t.co/sq8ARTKsof
Playstore: https://t.co/Ju874t2DvN

#HomeBuying #EmiratesNBD https://t.co/dSn1Zqufyh","Dubai Holding Real Estate and Emirates NBD just teamed up to revolutionize off-plan mortgage financing🤝

🔗Download the Propt!
Appstore: https://t.co/sq8ARTKsof
Playstore: https://t.co/Ju874t2DvN

#HomeBuying #EmiratesNBD https://t.co/dSn1Zqufyh","Dubai Holding Real Estate and Emirates NBD just teamed up to revolutionize off-plan mortgage financing. 

Download the Propt! 
Appstore: https://t.co/sq8ARTKsof 
Playstore: https://t.co/Ju874t2DvN 

#HomeBuying #EmiratesNBD",Cust,Positive
2044676172248690733,https://x.com/msa3474/status/2044676172248690733,https://x.com/msa3474,msa3474,AHMARI,https://pbs.twimg.com/profile_images/1943001907854802944/sB6fjZIf_bigger.jpg,,السلام عليكم ورحمه الله وبركاته الساده بنك الإمارات دبي الوطني المحترمين الرجاء حل مشكلتي مع فرع شارع الامير سلطان بجدة حيث انني طلبت منهم إيصال سداد مديونية ولي الى الآن اسبوع كامل لم يصلني الرد.,السلام عليكم ورحمه الله وبركاته الساده بنك الإمارات دبي الوطني المحترمين الرجاء حل مشكلتي مع فرع شارع الامير سلطان بجدة حيث انني طلبت منهم إيصال سداد مديونية ولي الى الآن اسبوع كامل لم يصلني الرد.,False,,['EmiratesNBD_KSA'],19h,"Apr 16, 2026 · 7:16 AM UTC",2026-04-16T07:16:00Z,,,1,0,0,71,ENBD,السلام عليكم ورحمه الله وبركاته الساده بنك الإمارات دبي الوطني المحترمين الرجاء حل مشكلتي مع فرع شارع الامير سلطان بجدة حيث انني طلبت منهم إيصال سداد مديونية ولي الى الآن اسبوع كامل لم يصلني الرد.,,,السلام عليكم ورحمه الله وبركاته الساده بنك الإمارات دبي الوطني المحترمين الرجاء حل مشكلتي مع فرع شارع الامير سلطان بجدة حيث انني طلبت منهم إيصال سداد مديونية ولي الى الآن اسبوع كامل لم يصلني الرد.,"Peace be upon you. Dear Emirates NBD Bank, I kindly request your assistance in resolving my issue with the Prince Sultan Street branch in Jeddah, as I requested a payment receipt for my debt and have not received a response for a full week.",Cust,Negative
2044675073445871906,https://x.com/EmiratesNBD_AE/status/2044675073445871906,https://x.com/EmiratesNBD_AE,EmiratesNBD_AE,Emirates NBD,https://pbs.twimg.com/profile_images/2042294543308242946/ScvMjarh_bigger.jpg,,"We at Emirates NBD are on a mission to make financial wellness truly inclusive. On our recent visit to a women accommodation camp in the UAE, we introduced them to everything finance, from budgeting to saving. Interactive sessions, quizzes, prizes, an evening well spent.
Catch the action here.
https://t.co/UAuXxgtnH8","We at Emirates NBD are on a mission to make financial wellness truly inclusive. On our recent visit to a women accommodation camp in the UAE, we introduced them to everything finance, from budgeting to saving. Interactive sessions, quizzes, prizes, an evening well spent.
Catch the action here.
<a href=""https://www.emiratesnbd.com/en/financial-wellbeing"">emiratesnbd.com/en/financial…</a>",False,,,19h,"Apr 16, 2026 · 7:11 AM UTC",2026-04-16T07:11:00Z,,['https://www.emiratesnbd.com/en/financial-wellbeing'],0,0,3,430,ENBD,"We at Emirates NBD are on a mission to make financial wellness truly inclusive. On our recent visit to a women accommodation camp in the UAE, we introduced them to everything finance, from budgeting to saving. Interactive sessions, quizzes, prizes, an evening well spent.
Catch the action here.
emiratesnbd.com/en/financial…",https://x.com/EmiratesNBD_AE/status/2044675073445871906,"We at Emirates NBD are on a mission to make financial wellness truly inclusive. On our recent visit to a women accommodation camp in the UAE, we introduced them to everything finance, from budgeting to saving. Interactive sessions, quizzes, prizes, an evening well spent.
Catch the action here.
https://t.co/UAuXxgtnH8","We at Emirates NBD are on a mission to make financial wellness truly inclusive. On our recent visit to a women accommodation camp in the UAE, we introduced them to everything finance, from budgeting to saving. Interactive sessions, quizzes, prizes, an evening well spent.
Catch the action here.
https://t.co/UAuXxgtnH8","We at Emirates NBD are on a mission to make financial wellness truly inclusive. On our recent visit to a women's accommodation camp in the UAE, we introduced them to everything finance, from budgeting to saving. Interactive sessions, quizzes, prizes, an evening well spent. Catch the action here.",Bank,Positive
2044662520884179409,https://x.com/talent_folder/status/2044662520884179409,https://x.com/talent_folder,talent_folder,Talentfolder,https://pbs.twimg.com/profile_images/1785222859268218880/QKe4zDoG_bigger.jpg,,"At Talentfolder, we wish you and your loved ones a joyful and blessed Vishu! 🌼💛
Let this new beginning open doors to success and brighter futures.

+971 52 158 3672
+971 58 513 8291
https://t.co/npKFNyRFVV

#HappyVishu #Vishu2026 #VishuCelebration #KeralaFestival #NewBeginnings https://t.co/tnPPiy9Gym","Open Your Bank Account in Dubai Easily
Looking to open a bank account in Dubai? We make it simple, fast, and stress-free!

Whether you&#39;re a resident, investor, or business owner, our experts help you open accounts with top UAE banks like ADCB, FAB, Emirates NBD, and more.",False,,,20h,"Apr 16, 2026 · 6:21 AM UTC",2026-04-16T06:21:00Z,,,0,0,0,23,ENBD,"Open Your Bank Account in Dubai Easily
Looking to open a bank account in Dubai? We make it simple, fast, and stress-free!

Whether you're a resident, investor, or business owner, our experts help you open accounts with top UAE banks like ADCB, FAB, Emirates NBD, and more.",https://x.com/talent_folder/status/2044662520884179409,"At Talentfolder, we wish you and your loved ones a joyful and blessed Vishu! 🌼💛
Let this new beginning open doors to success and brighter futures.

+971 52 158 3672
+971 58 513 8291
https://t.co/npKFNyRFVV

#HappyVishu #Vishu2026 #VishuCelebration #KeralaFestival #NewBeginnings https://t.co/tnPPiy9Gym","At Talentfolder, we wish you and your loved ones a joyful and blessed Vishu! 🌼💛
Let this new beginning open doors to success and brighter futures.

+971 52 158 3672
+971 58 513 8291
https://t.co/npKFNyRFVV

#HappyVishu #Vishu2026 #VishuCelebration #KeralaFestival #NewBeginnings https://t.co/tnPPiy9Gym","At Talentfolder, we wish you and your loved ones a joyful and blessed Vishu! Let this new beginning open doors to success and brighter futures.",Cust,Neutral
2044659603196231971,https://x.com/khushbuag88/status/2044659603196231971,https://x.com/khushbuag88,khushbuag88,Khushbu Agarwal,https://pbs.twimg.com/profile_images/1950530694746447872/VGZLi5fA_bigger.jpg,,@EmiratesNBD_AE الإجابة هي الفائدة البسيطة #لغز_الأسبوع_للحاصلين_على_شهادة_الهندسة_المدنية #تعلم_المالية #أساسيات_المال,"الإجابة هي الفائدة البسيطة <a href=""/search?f=tweets&amp;q=%23لغز_الأسبوع_للحاصلين_على_شهادة_الهندسة_المدنية"">#لغز_الأسبوع_للحاصلين_على_شهادة_الهندسة_المدنية</a> <a href=""/search?f=tweets&amp;q=%23تعلم_المالية"">#تعلم_المالية</a> <a href=""/search?f=tweets&amp;q=%23أساسيات_المال"">#أساسيات_المال</a>",False,,['EmiratesNBD_AE'],20h,"Apr 16, 2026 · 6:10 AM UTC",2026-04-16T06:10:00Z,,"['https://x.com/search?f=tweets&q=%23لغز_الأسبوع_للحاصلين_على_شهادة_الهندسة_المدنية', 'https://x.com/search?f=tweets&q=%23تعلم_المالية', 'https://x.com/search?f=tweets&q=%23أساسيات_المال']",0,0,0,7,ENBD,الإجابة هي الفائدة البسيطة #لغز_الأسبوع_للحاصلين_على_شهادة_الهندسة_المدنية #تعلم_المالية #أساسيات_المال,https://x.com/khushbuag88/status/2044659603196231971,@EmiratesNBD_AE الإجابة هي الفائدة البسيطة #لغز_الأسبوع_للحاصلين_على_شهادة_الهندسة_المدنية #تعلم_المالية #أساسيات_المال,@EmiratesNBD_AE الإجابة هي الفائدة البسيطة #لغز_الأسبوع_للحاصلين_على_شهادة_الهندسة_المدنية #تعلم_المالية #أساسيات_المال,The answer is simple interest #Puzzle_of_the_Week_for_Civil_Engineering_Graduates #Learn_Finance #Financial_Basics,Cust,Neutral
2044659438011961784,https://x.com/khushbuag88/status/2044659438011961784,https://x.com/khushbuag88,khushbuag88,Khushbu Agarwal,https://pbs.twimg.com/profile_images/1950530694746447872/VGZLi5fA_bigger.jpg,,@EmiratesNBD_AE Answer is Simple Interest     #ENBDRiddleOfTheWeek   #LearnFinance #MoneyBasics,"Answer is Simple Interest     <a href=""/search?f=tweets&amp;q=%23ENBDRiddleOfTheWeek"">#ENBDRiddleOfTheWeek</a>   <a href=""/search?f=tweets&amp;q=%23LearnFinance"">#LearnFinance</a> <a href=""/search?f=tweets&amp;q=%23MoneyBasics"">#MoneyBasics</a>",False,,['EmiratesNBD_AE'],20h,"Apr 16, 2026 · 6:09 AM UTC",2026-04-16T06:09:00Z,,"['https://x.com/search?f=tweets&q=%23ENBDRiddleOfTheWeek', 'https://x.com/search?f=tweets&q=%23LearnFinance', 'https://x.com/search?f=tweets&q=%23MoneyBasics']",0,0,0,8,ENBD,Answer is Simple Interest     #ENBDRiddleOfTheWeek   #LearnFinance #MoneyBasics,https://x.com/khushbuag88/status/2044659438011961784,@EmiratesNBD_AE Answer is Simple Interest     #ENBDRiddleOfTheWeek   #LearnFinance #MoneyBasics,@EmiratesNBD_AE Answer is Simple Interest     #ENBDRiddleOfTheWeek   #LearnFinance #MoneyBasics,The answer is Simple Interest.,Cust,Neutral
2044654528956682747,https://x.com/CBN_ME/status/2044654528956682747,https://x.com/CBN_ME,CBN_ME,Construction Business News ME,https://pbs.twimg.com/profile_images/897015258631593985/lgLgqzSc_bigger.jpg,,"@dubaiholding and @EmiratesNBD_AE have signed an MoU to introduce integrated mortgage solutions for off-plan homes across @MeraasDubai, @NakheelOfficial and @DubaiProperties.
https://t.co/NE9RbJAFPP https://t.co/P6urCIn0qy","<a href=""/dubaiholding"" title=""Dubai Holding"">@dubaiholding</a> and <a href=""/EmiratesNBD_AE"" title=""Emirates NBD"">@EmiratesNBD_AE</a> have signed an MoU to introduce integrated mortgage solutions for off-plan homes across <a href=""/MeraasDubai"" title=""Meraas"">@MeraasDubai</a>, <a href=""/NakheelOfficial"" title=""Nakheel"">@NakheelOfficial</a> and <a href=""/DubaiProperties"" title=""Dubai Properties"">@DubaiProperties</a>.
<a href=""https://www.cbnme.com/news/dubai-holding-real-estate-and-emirates-nbd-partner-on-off-plan-mortgage-solutions/"">cbnme.com/news/dubai-holding…</a>",False,,,20h,"Apr 16, 2026 · 5:50 AM UTC",2026-04-16T05:50:00Z,,"['https://x.com/dubaiholding', 'https://x.com/EmiratesNBD_AE', 'https://x.com/MeraasDubai', 'https://x.com/NakheelOfficial', 'https://x.com/DubaiProperties', 'https://www.cbnme.com/news/dubai-holding-real-estate-and-emirates-nbd-partner-on-off-plan-mortgage-solutions/']",0,1,1,23,ENBD,"@dubaiholding and @EmiratesNBD_AE have signed an MoU to introduce integrated mortgage solutions for off-plan homes across @MeraasDubai, @NakheelOfficial and @DubaiProperties.
cbnme.com/news/dubai-holding…",https://x.com/CBN_ME/status/2044654528956682747,"@dubaiholding and @EmiratesNBD_AE have signed an MoU to introduce integrated mortgage solutions for off-plan homes across @MeraasDubai, @NakheelOfficial and @DubaiProperties.
https://t.co/NE9RbJAFPP https://t.co/P6urCIn0qy","@dubaiholding and @EmiratesNBD_AE have signed an MoU to introduce integrated mortgage solutions for off-plan homes across @MeraasDubai, @NakheelOfficial and @DubaiProperties.
https://t.co/NE9RbJAFPP https://t.co/P6urCIn0qy","Dubai Holding and Emirates NBD have signed a Memorandum of Understanding to introduce integrated mortgage solutions for off-plan homes across Meraas, Nakheel, and Dubai Properties.",Cust,Positive
2044647851410817502,https://x.com/AdityaD_Shah/status/2044647851410817502,https://x.com/AdityaD_Shah,AdityaD_Shah,Aditya Shah,https://pbs.twimg.com/profile_images/2021161561864404993/PJFHGfxw_bigger.jpg,,"Can Emirates NBD really change the fortunes of RBL Bank?

The market really thinks so! https://t.co/EBFkHPBULm","Can Emirates NBD really change the fortunes of RBL Bank?

The market really thinks so!",False,,,21h,"Apr 16, 2026 · 5:23 AM UTC",2026-04-16T05:23:00Z,,,1,2,55,6112,ENBD,"Can Emirates NBD really change the fortunes of RBL Bank?

The market really thinks so!",https://x.com/AdityaD_Shah/status/2044647851410817502,"Can Emirates NBD really change the fortunes of RBL Bank?

The market really thinks so! https://t.co/EBFkHPBULm","Can Emirates NBD really change the fortunes of RBL Bank?

The market really thinks so! https://t.co/EBFkHPBULm",Can Emirates NBD really change the fortunes of RBL Bank? The market really thinks so!,Cust,Neutral
2044612515498496366,https://x.com/DustshotW/status/2044612515498496366,https://x.com/DustshotW,DustshotW,justice gaming,https://pbs.twimg.com/profile_images/2042550502014193664/yhlYRmG6_bigger.jpg,,anyone.....olease ......,s enbd,False,,['dorienotfish'],23h,"Apr 16, 2026 · 3:03 AM UTC",2026-04-16T03:03:00Z,,,1,0,0,25,ENBD,s enbd,https://x.com/DustshotW/status/2044612515498496366,anyone.....olease ......,anyone.....olease ......,anyone.....please ......,Cust,Neutral
2044611289733878057,https://x.com/BehindNums/status/2044611289733878057,https://x.com/BehindNums,BehindNums,BehindNums | Business & Data,https://pbs.twimg.com/profile_images/2025763865783345152/vXOr5RDQ_bigger.jpg,,"Top 5 Companies by Revenue 

By Revenue (annual)
1️⃣ Walmart — ~$650B
2️⃣ Amazon — ~$575B
3️⃣ Saudi Aramco — ~$500B
4️⃣ China State Grid — ~$480B
5️⃣ Apple — ~$390B

@BehindNums","Top 5 Richest Companies in the Middle East 

1️⃣ Saudi Aramco — ~$1.5T+
2️⃣ International Holding Co (UAE) — ~$240B+
3️⃣ QNB (Qatar National Bank) — ~$150B+
4️⃣ Al Rajhi Bank (Saudi) — ~$100B+
5️⃣ Emirates NBD (UAE) — ~$80B+

Oil wealth meets financial power.

<a href=""/BehindNums"" title=""BehindNums | Business &amp; Data"">@BehindNums</a>",False,,,23h,"Apr 16, 2026 · 2:58 AM UTC",2026-04-16T02:58:00Z,,['https://x.com/BehindNums'],1,0,0,29,ENBD,"Top 5 Richest Companies in the Middle East 

1️⃣ Saudi Aramco — ~$1.5T+
2️⃣ International Holding Co (UAE) — ~$240B+
3️⃣ QNB (Qatar National Bank) — ~$150B+
4️⃣ Al Rajhi Bank (Saudi) — ~$100B+
5️⃣ Emirates NBD (UAE) — ~$80B+

Oil wealth meets financial power.

@BehindNums",https://x.com/BehindNums/status/2044611289733878057,"Top 5 Companies by Revenue 

By Revenue (annual)
1️⃣ Walmart — ~$650B
2️⃣ Amazon — ~$575B
3️⃣ Saudi Aramco — ~$500B
4️⃣ China State Grid — ~$480B
5️⃣ Apple — ~$390B

@BehindNums","Top 5 Companies by Revenue 

By Revenue (annual)
1️⃣ Walmart — ~$650B
2️⃣ Amazon — ~$575B
3️⃣ Saudi Aramco — ~$500B
4️⃣ China State Grid — ~$480B
5️⃣ Apple — ~$390B

@BehindNums","Top 5 Companies by Revenue 

By Revenue (annual)
1️⃣ Walmart — ~$650B
2️⃣ Amazon — ~$575B
3️⃣ Saudi Aramco — ~$500B
4️⃣ China State Grid — ~$480B
5️⃣ Apple — ~$390B

@BehindNums",Cust,Neutral
2044582261102956879,https://x.com/zaydaklabhoqx/status/2044582261102956879,https://x.com/zaydaklabhoqx,zaydaklabhoqx,زيد أكلب,https://pbs.twimg.com/profile_images/2035350140782002176/Clcsao6J_bigger.jpg,,"🚨 JUST IN: 🇦🇪 EMIRATES NBD ELIMINATES ATM WITHDRAWAL &amp; DEBIT CARD FEES ACROSS THE UAE &amp; GCC UNTIL MARCH 31, 2026! 💳🔥

#UAE #EmiratesNBD #Banking #Finance #ATM #NoFees #GCC #MoneySmart https://t.co/aI9H5crVgx",ماذا عن مجانيّة سحب النقود؟ مبروك لعملاء Emirates NBD في الإمارات ودول الخليج,False,,['CryptoNewsHntrs'],Apr 16,"Apr 16, 2026 · 1:02 AM UTC",2026-04-16T01:02:00Z,,,0,0,1,12,ENBD,ماذا عن مجانيّة سحب النقود؟ مبروك لعملاء Emirates NBD في الإمارات ودول الخليج,https://x.com/zaydaklabhoqx/status/2044582261102956879,"🚨 JUST IN: 🇦🇪 EMIRATES NBD ELIMINATES ATM WITHDRAWAL &amp; DEBIT CARD FEES ACROSS THE UAE &amp; GCC UNTIL MARCH 31, 2026! 💳🔥

#UAE #EmiratesNBD #Banking #Finance #ATM #NoFees #GCC #MoneySmart https://t.co/aI9H5crVgx","🚨 JUST IN: 🇦🇪 EMIRATES NBD ELIMINATES ATM WITHDRAWAL &amp; DEBIT CARD FEES ACROSS THE UAE &amp; GCC UNTIL MARCH 31, 2026! 💳🔥

#UAE #EmiratesNBD #Banking #Finance #ATM #NoFees #GCC #MoneySmart https://t.co/aI9H5crVgx","JUST IN: EMIRATES NBD ELIMINATES ATM WITHDRAWAL & DEBIT CARD FEES ACROSS THE UAE & GCC UNTIL MARCH 31, 2026!",Cust,Positive
2044832798670995759,https://x.com/RakeshMavath/status/2044832798670995759,https://x.com/RakeshMavath,RakeshMavath,Rakesh Mavath,https://pbs.twimg.com/profile_images/2013866142125957122/nsrKPIws_bigger.jpg,,"@emiratesislamic probably the worst customer experience I’ve had in my life.

Tried cancelling my cards. Have received 10+ phone calls from them trying to retain. Confirmed each time that I want to cancel (on call and on email confirmation). It’s been 4-5 months since I raised this complaint. No resolution yet.

Impressed with how difficult they make this process. Wow!",Grab screenshots of when they have called you and the following messages include that to your complaint to UAECB and they will fine the bank,False,,"['aaditsh', 'emiratesislamic']",8h,"Apr 16, 2026 · 5:38 PM UTC",2026-04-16T17:38:00Z,,,0,0,0,13,EI,Grab screenshots of when they have called you and the following messages include that to your complaint to UAECB and they will fine the bank,https://x.com/RakeshMavath/status/2044832798670995759,"@emiratesislamic probably the worst customer experience I’ve had in my life.

Tried cancelling my cards. Have received 10+ phone calls from them trying to retain. Confirmed each time that I want to cancel (on call and on email confirmation). It’s been 4-5 months since I raised this complaint. No resolution yet.

Impressed with how difficult they make this process. Wow!","@emiratesislamic probably the worst customer experience I’ve had in my life.

Tried cancelling my cards. Have received 10+ phone calls from them trying to retain. Confirmed each time that I want to cancel (on call and on email confirmation). It’s been 4-5 months since I raised this complaint. No resolution yet.

Impressed with how difficult they make this process. Wow!",probably the worst customer experience I’ve had in my life. Tried cancelling my cards. Have received 10+ phone calls from them trying to retain. Confirmed each time that I want to cancel (on call and on email confirmation). It’s been 4-5 months since I raised this complaint. No resolution yet. Impressed with how difficult they make this process. Wow!,Cust,Negative
2044805287459398125,https://x.com/1ss9490ss1/status/2044805287459398125,https://x.com/1ss9490ss1,1ss9490ss1,بوالسلطان,https://pbs.twimg.com/profile_images/777077466515079168/MKR49yEx_bigger.jpg,,"Save and earn with your Emirates Islamic Super Savings Etihad Guest Account!

💸 Get up to 750,000 Etihad Guest Miles every quarter and up to 3 million Etihad Guest Miles in a year https://t.co/y8cuMSrpQL","السلام عليكم ورحمه الله وبركاته 
الرجاء التواصل بي باحد من خدمة العملاء.",False,,['emiratesislamic'],10h,"Apr 16, 2026 · 3:49 PM UTC",2026-04-16T15:49:00Z,,,0,0,0,2,EI,"السلام عليكم ورحمه الله وبركاته 
الرجاء التواصل بي باحد من خدمة العملاء.",https://x.com/1ss9490ss1/status/2044805287459398125,"Save and earn with your Emirates Islamic Super Savings Etihad Guest Account!

💸 Get up to 750,000 Etihad Guest Miles every quarter and up to 3 million Etihad Guest Miles in a year https://t.co/y8cuMSrpQL","Save and earn with your Emirates Islamic Super Savings Etihad Guest Account!

💸 Get up to 750,000 Etihad Guest Miles every quarter and up to 3 million Etihad Guest Miles in a year https://t.co/y8cuMSrpQL","Save and earn with your Emirates Islamic Super Savings Etihad Guest Account! 

Get up to 750,000 Etihad Guest Miles every quarter and up to 3 million Etihad Guest Miles in a year.",Cust,Positive
2044784107352445179,https://x.com/aaditsh/status/2044784107352445179,https://x.com/aaditsh,aaditsh,Aadit Sheth,https://pbs.twimg.com/profile_images/1989274279947694081/ggQkOhbP_bigger.jpg,,Just unacceptable. They just auto-charge you without your permission?,Just unacceptable. They just auto-charge you without your permission?,False,,"['huss23', 'emiratesislamic']",12h,"Apr 16, 2026 · 2:24 PM UTC",2026-04-16T14:24:00Z,,,0,0,0,80,EI,Just unacceptable. They just auto-charge you without your permission?,,,Just unacceptable. They just auto-charge you without your permission?,Just unacceptable. They just charge you automatically without your permission?,Cust,Negative
2044781883184316706,https://x.com/huss23/status/2044781883184316706,https://x.com/huss23,huss23,Huss,https://pbs.twimg.com/profile_images/2691682144/840d131cc8397f1c15b0a611bec833b2_bigger.png,,"@aaditsh @emiratesislamic I had the same issue. @emiratesislamic has the worst Customer service centre and its literally unreachable and unreliable. After 2 years of request, they still haven’t cancelled my Credit card.","I had the same issue. <a href=""/emiratesislamic"" title=""emiratesislamic"">@emiratesislamic</a> has the worst Customer service centre and its literally unreachable and unreliable. After 2 years of request, they still haven’t cancelled my Credit card.",False,,['aaditsh'],12h,"Apr 16, 2026 · 2:16 PM UTC",2026-04-16T14:16:00Z,,['https://x.com/emiratesislamic'],1,0,1,88,EI,"I had the same issue. @emiratesislamic has the worst Customer service centre and its literally unreachable and unreliable. After 2 years of request, they still haven’t cancelled my Credit card.",https://x.com/huss23/status/2044781883184316706,"@aaditsh @emiratesislamic I had the same issue. @emiratesislamic has the worst Customer service centre and its literally unreachable and unreliable. After 2 years of request, they still haven’t cancelled my Credit card.","@aaditsh @emiratesislamic I had the same issue. @emiratesislamic has the worst Customer service centre and its literally unreachable and unreliable. After 2 years of request, they still haven’t cancelled my Credit card.","I had the same issue. Emirates Islamic has the worst customer service center and it's literally unreachable and unreliable. After 2 years of requests, they still haven’t canceled my credit card.",Cust,Negative
2044759599656689929,https://x.com/aaditsh/status/2044759599656689929,https://x.com/aaditsh,aaditsh,Aadit Sheth,https://pbs.twimg.com/profile_images/1989274279947694081/ggQkOhbP_bigger.jpg,,"Will do! So frustrating. They will call me, I’ll pick up. They will end the call within 10 seconds and message me “we called you. You didn’t pick up”.

And it’s been extended like this for the past 4-5 months. What a joke.","Will do! So frustrating. They will call me, I’ll pick up. They will end the call within 10 seconds and message me “we called you. You didn’t pick up”.

And it’s been extended like this for the past 4-5 months. What a joke.",False,,"['RakeshMavath', 'emiratesislamic']",13h,"Apr 16, 2026 · 12:47 PM UTC",2026-04-16T12:47:00Z,,,1,0,1,140,EI,"Will do! So frustrating. They will call me, I’ll pick up. They will end the call within 10 seconds and message me “we called you. You didn’t pick up”.

And it’s been extended like this for the past 4-5 months. What a joke.",,,"Will do! So frustrating. They will call me, I’ll pick up. They will end the call within 10 seconds and message me “we called you. You didn’t pick up”.

And it’s been extended like this for the past 4-5 months. What a joke.","Will do! So frustrating. They will call me, I’ll pick up. They will end the call within 10 seconds and message me “we called you. You didn’t pick up”. 

And it’s been like this for the past 4-5 months. What a joke.",Cust,Negative
2044758862017007662,https://x.com/RakeshMavath/status/2044758862017007662,https://x.com/RakeshMavath,RakeshMavath,Rakesh Mavath,https://pbs.twimg.com/profile_images/2013866142125957122/nsrKPIws_bigger.jpg,,especially now they are not going to let go of your business easily. you can raise the issue with UAECB who will in turn contact the bank,especially now they are not going to let go of your business easily. you can raise the issue with UAECB who will in turn contact the bank,False,,"['aaditsh', 'emiratesislamic']",13h,"Apr 16, 2026 · 12:44 PM UTC",2026-04-16T12:44:00Z,,,1,0,1,136,EI,especially now they are not going to let go of your business easily. you can raise the issue with UAECB who will in turn contact the bank,,,especially now they are not going to let go of your business easily. you can raise the issue with UAECB who will in turn contact the bank,"Especially now, they are not going to let go of your business easily. You can raise the issue with UAECB, who will in turn contact the bank.",Cust,Neutral
2044732404938702855,https://x.com/aaditsh/status/2044732404938702855,https://x.com/aaditsh,aaditsh,Aadit Sheth,https://pbs.twimg.com/profile_images/1989274279947694081/ggQkOhbP_bigger.jpg,,"@emiratesislamic probably the worst customer experience I’ve had in my life.

Tried cancelling my cards. Have received 10+ phone calls from them trying to retain. Confirmed each time that I want to cancel (on call and on email confirmation). It’s been 4-5 months since I raised this complaint. No resolution yet.

Impressed with how difficult they make this process. Wow!","<a href=""/emiratesislamic"" title=""emiratesislamic"">@emiratesislamic</a> probably the worst customer experience I’ve had in my life.

Tried cancelling my cards. Have received 10+ phone calls from them trying to retain. Confirmed each time that I want to cancel (on call and on email confirmation). It’s been 4-5 months since I raised this complaint. No resolution yet.

Impressed with how difficult they make this process. Wow!",False,,,15h,"Apr 16, 2026 · 10:59 AM UTC",2026-04-16T10:59:00Z,,['https://x.com/emiratesislamic'],2,0,4,5653,EI,"@emiratesislamic probably the worst customer experience I’ve had in my life.

Tried cancelling my cards. Have received 10+ phone calls from them trying to retain. Confirmed each time that I want to cancel (on call and on email confirmation). It’s been 4-5 months since I raised this complaint. No resolution yet.

Impressed with how difficult they make this process. Wow!",,,"@emiratesislamic probably the worst customer experience I’ve had in my life.

Tried cancelling my cards. Have received 10+ phone calls from them trying to retain. Confirmed each time that I want to cancel (on call and on email confirmation). It’s been 4-5 months since I raised this complaint. No resolution yet.

Impressed with how difficult they make this process. Wow!",probably the worst customer experience I’ve had in my life. Tried cancelling my cards. Have received 10+ phone calls from them trying to retain. Confirmed each time that I want to cancel (on call and on email confirmation). It’s been 4-5 months since I raised this complaint. No resolution yet. Impressed with how difficult they make this process. Wow!,Cust,Negative
2044717394669502695,https://x.com/emiratesislamic/status/2044717394669502695,https://x.com/emiratesislamic,emiratesislamic,emiratesislamic,https://pbs.twimg.com/profile_images/1526452318874619904/yJhExjro_bigger.jpg,,"ادخر واكسب مع حساب ضيف الاتحاد سوبر للتوفير من الإمارات الإسلامي

💸 اكسب ما يصل إلى 750,000 ميل من أميال ضيف الاتحاد كل ربع سنة ولغاية 3,000,000 ميل من أميال ضيف الاتحاد سنوياً https://t.co/QZie703oFv","Save and earn with your Emirates Islamic Super Savings Etihad Guest Account!

💸 Get up to 750,000 Etihad Guest Miles every quarter and up to 3 million Etihad Guest Miles in a year",False,,,16h,"Apr 16, 2026 · 9:59 AM UTC",2026-04-16T09:59:00Z,,,2,0,0,253,EI,"Save and earn with your Emirates Islamic Super Savings Etihad Guest Account!

💸 Get up to 750,000 Etihad Guest Miles every quarter and up to 3 million Etihad Guest Miles in a year",https://x.com/emiratesislamic/status/2044717394669502695,"ادخر واكسب مع حساب ضيف الاتحاد سوبر للتوفير من الإمارات الإسلامي

💸 اكسب ما يصل إلى 750,000 ميل من أميال ضيف الاتحاد كل ربع سنة ولغاية 3,000,000 ميل من أميال ضيف الاتحاد سنوياً https://t.co/QZie703oFv","ادخر واكسب مع حساب ضيف الاتحاد سوبر للتوفير من الإمارات الإسلامي

💸 اكسب ما يصل إلى 750,000 ميل من أميال ضيف الاتحاد كل ربع سنة ولغاية 3,000,000 ميل من أميال ضيف الاتحاد سنوياً https://t.co/QZie703oFv","Save and earn with the Emirates Islamic Super Guest Account for savings. 

💸 Earn up to 750,000 Etihad Guest Miles every quarter and up to 3,000,000 Etihad Guest Miles annually.",Bank,Positive
2044704123199554019,https://x.com/startupsceneme/status/2044704123199554019,https://x.com/startupsceneme,startupsceneme,Startup Scene ME,https://pbs.twimg.com/profile_images/1221420632044462085/G_yAYsR8_bigger.jpg,,"Emirates Islamic, a Dubai-based Islamic bank offering Sharia-compliant financial services, has launched a Business Banking campaign aimed at supporting small and medium enterprises in the United Arab Emirates, offering a total prize pool of Dhs 1 million.

https://t.co/NGMGwUvZfs","Emirates Islamic, a Dubai-based Islamic bank offering Sharia-compliant financial services, has launched a Business Banking campaign aimed at supporting small and medium enterprises in the United Arab Emirates, offering a total prize pool of Dhs 1 million.

<a href=""https://thestartupscene.me/OPPORTUNITIES/Emirates-Islamic-Bank-Launches-AED-1M-Campaign-for-SMEs"">thestartupscene.me/OPPORTUNI…</a>",False,,,17h,"Apr 16, 2026 · 9:07 AM UTC",2026-04-16T09:07:00Z,,['https://thestartupscene.me/OPPORTUNITIES/Emirates-Islamic-Bank-Launches-AED-1M-Campaign-for-SMEs'],0,2,0,38,EI,"Emirates Islamic, a Dubai-based Islamic bank offering Sharia-compliant financial services, has launched a Business Banking campaign aimed at supporting small and medium enterprises in the United Arab Emirates, offering a total prize pool of Dhs 1 million.

thestartupscene.me/OPPORTUNI…",https://x.com/startupsceneme/status/2044704123199554019,"Emirates Islamic, a Dubai-based Islamic bank offering Sharia-compliant financial services, has launched a Business Banking campaign aimed at supporting small and medium enterprises in the United Arab Emirates, offering a total prize pool of Dhs 1 million.

https://t.co/NGMGwUvZfs","Emirates Islamic, a Dubai-based Islamic bank offering Sharia-compliant financial services, has launched a Business Banking campaign aimed at supporting small and medium enterprises in the United Arab Emirates, offering a total prize pool of Dhs 1 million.

https://t.co/NGMGwUvZfs","Emirates Islamic, a Dubai-based Islamic bank offering Sharia-compliant financial services, has launched a Business Banking campaign aimed at supporting small and medium enterprises in the United Arab Emirates, offering a total prize pool of 1 million dirhams.",Cust,Positive
2044701412848705623,https://x.com/emiratesislamic/status/2044701412848705623,https://x.com/emiratesislamic,emiratesislamic,emiratesislamic,https://pbs.twimg.com/profile_images/1526452318874619904/yJhExjro_bigger.jpg,,"مع الإمارات الإسلامي، تتحوّل طموحات الشركات الصغيرة والمتوسطة إلى فرص حقيقية للنمو. من خلال إطلاق حملة جديدة تضيف قيمة ملموسة لمتعاملينا، نفتح الباب للفوز بجوائز يصل مجموعها إلى مليون درهم إماراتي. 
نرافق رحلتكم، ندعم توسّعكم، ونمنح أفكاركم المساحة لتكبر.
معا نصنع نجاح أعمالكم. https://t.co/0uN1xuq5rX","Emirates Islamic empowers SME growth with a campaign that brings added value to customers and an opportunity to win from a total prize pool of AED 1 million. Driving ambition. Enabling expansion. Unlocking new opportunities.
<a href=""/search?f=tweets&amp;q=%23SME"">#SME</a> <a href=""/search?f=tweets&amp;q=%23businessbanking"">#businessbanking</a> <a href=""/search?f=tweets&amp;q=%23emiratesislamic"">#emiratesislamic</a>",False,,,17h,"Apr 16, 2026 · 8:56 AM UTC",2026-04-16T08:56:00Z,,"['https://x.com/search?f=tweets&q=%23SME', 'https://x.com/search?f=tweets&q=%23businessbanking', 'https://x.com/search?f=tweets&q=%23emiratesislamic']",0,0,0,64,EI,"Emirates Islamic empowers SME growth with a campaign that brings added value to customers and an opportunity to win from a total prize pool of AED 1 million. Driving ambition. Enabling expansion. Unlocking new opportunities.
#SME #businessbanking #emiratesislamic",https://x.com/emiratesislamic/status/2044701412848705623,"مع الإمارات الإسلامي، تتحوّل طموحات الشركات الصغيرة والمتوسطة إلى فرص حقيقية للنمو. من خلال إطلاق حملة جديدة تضيف قيمة ملموسة لمتعاملينا، نفتح الباب للفوز بجوائز يصل مجموعها إلى مليون درهم إماراتي. 
نرافق رحلتكم، ندعم توسّعكم، ونمنح أفكاركم المساحة لتكبر.
معا نصنع نجاح أعمالكم. https://t.co/0uN1xuq5rX","مع الإمارات الإسلامي، تتحوّل طموحات الشركات الصغيرة والمتوسطة إلى فرص حقيقية للنمو. من خلال إطلاق حملة جديدة تضيف قيمة ملموسة لمتعاملينا، نفتح الباب للفوز بجوائز يصل مجموعها إلى مليون درهم إماراتي. 
نرافق رحلتكم، ندعم توسّعكم، ونمنح أفكاركم المساحة لتكبر.
معا نصنع نجاح أعمالكم. https://t.co/0uN1xuq5rX","With Emirates Islamic, the ambitions of small and medium-sized enterprises turn into real growth opportunities. By launching a new campaign that adds tangible value to our clients, we open the door to win prizes totaling up to one million dirhams. We accompany your journey, support your expansion, and give your ideas the space to grow. Together, we create the success of your business.",Bank,Positive
2044657039872237722,https://x.com/emiratesislamic/status/2044657039872237722,https://x.com/emiratesislamic,emiratesislamic,emiratesislamic,https://pbs.twimg.com/profile_images/1526452318874619904/yJhExjro_bigger.jpg,,"You don’t have a spending problem, you have invisible spending.
Track what feels “too small to matter.”
Because that’s usually where your money goes.

#EIFinancialWellbeing #SmartMoneyMindset #EmiratesIslamic

https://t.co/XvyZgR87nM""","You don’t have a spending problem, you have invisible spending.
Track what feels “too small to matter.”
Because that’s usually where your money goes.

<a href=""/search?f=tweets&amp;q=%23EIFinancialWellbeing"">#EIFinancialWellbeing</a> <a href=""/search?f=tweets&amp;q=%23SmartMoneyMindset"">#SmartMoneyMindset</a> <a href=""/search?f=tweets&amp;q=%23EmiratesIslamic"">#EmiratesIslamic</a>

<a href=""https://www.emiratesislamic.ae/en/key-information/financial-wellbeing?utm_source=homepage&amp;utm_medium=website&amp;utm_content=sliding_menu_2_eng&amp;utm_campaign=finliteracy_082024"">emiratesislamic.ae/en/key-in…</a>&#34;",False,,,20h,"Apr 16, 2026 · 6:00 AM UTC",2026-04-16T06:00:00Z,,"['https://x.com/search?f=tweets&q=%23EIFinancialWellbeing', 'https://x.com/search?f=tweets&q=%23SmartMoneyMindset', 'https://x.com/search?f=tweets&q=%23EmiratesIslamic', 'https://www.emiratesislamic.ae/en/key-information/financial-wellbeing?utm_source=homepage&utm_medium=website&utm_content=sliding_menu_2_eng&utm_campaign=finliteracy_082024']",0,0,0,53,EI,"You don’t have a spending problem, you have invisible spending.
Track what feels “too small to matter.”
Because that’s usually where your money goes.

#EIFinancialWellbeing #SmartMoneyMindset #EmiratesIslamic

emiratesislamic.ae/en/key-in…""",https://x.com/emiratesislamic/status/2044657039872237722,"You don’t have a spending problem, you have invisible spending.
Track what feels “too small to matter.”
Because that’s usually where your money goes.

#EIFinancialWellbeing #SmartMoneyMindset #EmiratesIslamic

https://t.co/XvyZgR87nM""","You don’t have a spending problem, you have invisible spending.
Track what feels “too small to matter.”
Because that’s usually where your money goes.

#EIFinancialWellbeing #SmartMoneyMindset #EmiratesIslamic

https://t.co/XvyZgR87nM""","You don’t have a spending problem, you have invisible spending. Track what feels “too small to matter.” Because that’s usually where your money goes.",Bank,Neutral
2044836542028320968,https://x.com/emiratesislamic/status/2044836542028320968,https://x.com/emiratesislamic,emiratesislamic,emiratesislamic,https://pbs.twimg.com/profile_images/1526452318874619904/yJhExjro_bigger.jpg,,"تشهد التحديثات الوهمية على أجهزة أندرويد تزايداً ملحوظاً، وقد تُستخدم لخداعك لتثبيت تطبيقات غير آمنة أو مشاركة البيانات.
احم حسابك من خلال تفعيل ميزة اللمس الذكي والتعرّف على الوجه لتسجيل دخول أكثر أماناً. https://t.co/ZOt8O2bR9J","Fake Android updates are rising. They can trick you into installing unsafe apps or sharing details.
Turn on Smart Touch and Face Pass for secure login.",False,,,8h,"Apr 16, 2026 · 5:53 PM UTC",2026-04-16T17:53:00Z,,,0,0,0,60,EI,"Fake Android updates are rising. They can trick you into installing unsafe apps or sharing details.
Turn on Smart Touch and Face Pass for secure login.",https://x.com/emiratesislamic/status/2044836542028320968,"تشهد التحديثات الوهمية على أجهزة أندرويد تزايداً ملحوظاً، وقد تُستخدم لخداعك لتثبيت تطبيقات غير آمنة أو مشاركة البيانات.
احم حسابك من خلال تفعيل ميزة اللمس الذكي والتعرّف على الوجه لتسجيل دخول أكثر أماناً. https://t.co/ZOt8O2bR9J","تشهد التحديثات الوهمية على أجهزة أندرويد تزايداً ملحوظاً، وقد تُستخدم لخداعك لتثبيت تطبيقات غير آمنة أو مشاركة البيانات.
احم حسابك من خلال تفعيل ميزة اللمس الذكي والتعرّف على الوجه لتسجيل دخول أكثر أماناً. https://t.co/ZOt8O2bR9J","Fake updates on Android devices are noticeably increasing, and they may be used to trick you into installing unsafe applications or sharing data. Protect your account by enabling smart touch and facial recognition for more secure login.",Bank,Neutral
2044836538958200892,https://x.com/emiratesislamic/status/2044836538958200892,https://x.com/emiratesislamic,emiratesislamic,emiratesislamic,https://pbs.twimg.com/profile_images/1526452318874619904/yJhExjro_bigger.jpg,,"تشهد التحديثات الوهمية على أجهزة أندرويد تزايداً ملحوظاً، وقد تُستخدم لخداعك لتثبيت تطبيقات غير آمنة أو مشاركة البيانات.
احم حسابك من خلال تفعيل ميزة اللمس الذكي والتعرّف على الوجه لتسجيل دخول أكثر أماناً.","تشهد التحديثات الوهمية على أجهزة أندرويد تزايداً ملحوظاً، وقد تُستخدم لخداعك لتثبيت تطبيقات غير آمنة أو مشاركة البيانات.
احم حسابك من خلال تفعيل ميزة اللمس الذكي والتعرّف على الوجه لتسجيل دخول أكثر أماناً.",False,,,8h,"Apr 16, 2026 · 5:53 PM UTC",2026-04-16T17:53:00Z,,,1,0,0,80,EI,"تشهد التحديثات الوهمية على أجهزة أندرويد تزايداً ملحوظاً، وقد تُستخدم لخداعك لتثبيت تطبيقات غير آمنة أو مشاركة البيانات.
احم حسابك من خلال تفعيل ميزة اللمس الذكي والتعرّف على الوجه لتسجيل دخول أكثر أماناً.",,,"تشهد التحديثات الوهمية على أجهزة أندرويد تزايداً ملحوظاً، وقد تُستخدم لخداعك لتثبيت تطبيقات غير آمنة أو مشاركة البيانات.
احم حسابك من خلال تفعيل ميزة اللمس الذكي والتعرّف على الوجه لتسجيل دخول أكثر أماناً.","Fake updates on Android devices are noticeably increasing, and they may be used to trick you into installing unsafe applications or sharing data. Protect your account by enabling smart touch and facial recognition for a more secure login.",Bank,Neutral
2044734739718824109,https://x.com/emiratesislamic/status/2044734739718824109,https://x.com/emiratesislamic,emiratesislamic,emiratesislamic,https://pbs.twimg.com/profile_images/1526452318874619904/yJhExjro_bigger.jpg,,"@emiratesislamic 

السلام عليكم
زرت فرع 06 مول يوم الثلاثاء الماضى من اجل كسر الوديعة ودفع مبلغ القرض المتبقي علي

أخبرتني الموظفة المحترمة بانه سوف يتم إرسال أميل الى الإدارة  لمعرفة الخطوات
والى اليوم الخميس الإدارة لم ترد عليهم 

هل هذ التأخير له مبرر
او عدم هو اهتمام بالعملاء",مرحبا ، يأسفنا سماع تجربتك! فريقنا ملتزم بمعالجة هذا الأمر على الفور. لحماية خصوصيتك ، سيتم التواصل معك عبر الرسائل الخاصه لامكانيه مساعدتك بصوره افضل. رضاك أولويتنا.,False,,['alsajwani1'],15h,"Apr 16, 2026 · 11:08 AM UTC",2026-04-16T11:08:00Z,,,0,0,0,3,EI,مرحبا ، يأسفنا سماع تجربتك! فريقنا ملتزم بمعالجة هذا الأمر على الفور. لحماية خصوصيتك ، سيتم التواصل معك عبر الرسائل الخاصه لامكانيه مساعدتك بصوره افضل. رضاك أولويتنا.,https://x.com/emiratesislamic/status/2044734739718824109,"@emiratesislamic 

السلام عليكم
زرت فرع 06 مول يوم الثلاثاء الماضى من اجل كسر الوديعة ودفع مبلغ القرض المتبقي علي

أخبرتني الموظفة المحترمة بانه سوف يتم إرسال أميل الى الإدارة  لمعرفة الخطوات
والى اليوم الخميس الإدارة لم ترد عليهم 

هل هذ التأخير له مبرر
او عدم هو اهتمام بالعملاء","@emiratesislamic 

السلام عليكم
زرت فرع 06 مول يوم الثلاثاء الماضى من اجل كسر الوديعة ودفع مبلغ القرض المتبقي علي

أخبرتني الموظفة المحترمة بانه سوف يتم إرسال أميل الى الإدارة  لمعرفة الخطوات
والى اليوم الخميس الإدارة لم ترد عليهم 

هل هذ التأخير له مبرر
او عدم هو اهتمام بالعملاء","Peace be upon you. I visited branch 06 at the mall last Tuesday to break the deposit and pay the remaining loan amount. The respectful employee informed me that an email would be sent to the management to find out the steps, and as of today, Thursday, the management has not responded to them. Is this delay justified or a lack of concern for customers?",Bank,Negative
2044717396758303206,https://x.com/emiratesislamic/status/2044717396758303206,https://x.com/emiratesislamic,emiratesislamic,emiratesislamic,https://pbs.twimg.com/profile_images/1526452318874619904/yJhExjro_bigger.jpg,,"💸 Save AED 20,000 or more to start earning miles based on your average quarterly savings
🌟 Get a complimentary Debit Card that is internationally recognized

Offer valid till 30 June 2026

Terms & Conditions apply

emiratesislamic.ae/en/accoun…","💸 Save AED 20,000 or more to start earning miles based on your average quarterly savings
🌟 Get a complimentary Debit Card that is internationally recognized

Offer valid till 30 June 2026

Terms &amp; Conditions apply

<a href=""https://www.emiratesislamic.ae/en/accounts/savings-accounts/super-savings-etihad-guest-account?utm_source=organic-twitter&amp;utm_medium=social&amp;utm_campaign=etihad_guest_account"">emiratesislamic.ae/en/accoun…</a>",False,,,16h,"Apr 16, 2026 · 9:59 AM UTC",2026-04-16T09:59:00Z,,['https://www.emiratesislamic.ae/en/accounts/savings-accounts/super-savings-etihad-guest-account?utm_source=organic-twitter&utm_medium=social&utm_campaign=etihad_guest_account'],0,0,0,134,EI,"💸 Save AED 20,000 or more to start earning miles based on your average quarterly savings
🌟 Get a complimentary Debit Card that is internationally recognized

Offer valid till 30 June 2026

Terms & Conditions apply

emiratesislamic.ae/en/accoun…",,,"💸 Save AED 20,000 or more to start earning miles based on your average quarterly savings
🌟 Get a complimentary Debit Card that is internationally recognized

Offer valid till 30 June 2026

Terms & Conditions apply

emiratesislamic.ae/en/accoun…","Save AED 20,000 or more to start earning miles based on your average quarterly savings. Get a complimentary Debit Card that is internationally recognized. Offer valid until 30 June 2026. Terms & Conditions apply.",Bank,Positive
2044717367842816367,https://x.com/emiratesislamic/status/2044717367842816367,https://x.com/emiratesislamic,emiratesislamic,emiratesislamic,https://pbs.twimg.com/profile_images/1526452318874619904/yJhExjro_bigger.jpg,,"💸 ادخر 20,000 درهم أو أكثر للبدء باكتساب الأميال بناءً على متوسط مدخراتك ربع السنوي! 
🌟 احصل على بطاقة خصم معترف بها دولياً

يسري العرض لغاية 30 يونيو 2026

تطبق الشروط والأحكام

https://t.co/csC9BzTLNy","💸 ادخر 20,000 درهم أو أكثر للبدء باكتساب الأميال بناءً على متوسط مدخراتك ربع السنوي! 
🌟 احصل على بطاقة خصم معترف بها دولياً

يسري العرض لغاية 30 يونيو 2026

تطبق الشروط والأحكام

<a href=""https://www.emiratesislamic.ae/ar/accounts/savings-accounts/super-savings-etihad-guest-account?utm_source=organic-twitter&amp;utm_medium=social&amp;utm_campaign=etihad_guest_account"">emiratesislamic.ae/ar/accoun…</a>",False,,,16h,"Apr 16, 2026 · 9:59 AM UTC",2026-04-16T09:59:00Z,,['https://www.emiratesislamic.ae/ar/accounts/savings-accounts/super-savings-etihad-guest-account?utm_source=organic-twitter&utm_medium=social&utm_campaign=etihad_guest_account'],0,0,0,66,EI,"💸 ادخر 20,000 درهم أو أكثر للبدء باكتساب الأميال بناءً على متوسط مدخراتك ربع السنوي! 
🌟 احصل على بطاقة خصم معترف بها دولياً

يسري العرض لغاية 30 يونيو 2026

تطبق الشروط والأحكام

emiratesislamic.ae/ar/accoun…",https://x.com/emiratesislamic/status/2044717367842816367,"💸 ادخر 20,000 درهم أو أكثر للبدء باكتساب الأميال بناءً على متوسط مدخراتك ربع السنوي! 
🌟 احصل على بطاقة خصم معترف بها دولياً

يسري العرض لغاية 30 يونيو 2026

تطبق الشروط والأحكام

https://t.co/csC9BzTLNy","💸 ادخر 20,000 درهم أو أكثر للبدء باكتساب الأميال بناءً على متوسط مدخراتك ربع السنوي! 
🌟 احصل على بطاقة خصم معترف بها دولياً

يسري العرض لغاية 30 يونيو 2026

تطبق الشروط والأحكام

https://t.co/csC9BzTLNy","Save 20,000 dirhams or more to start earning miles based on your average quarterly savings! 
Get an internationally recognized debit card.

The offer is valid until June 30, 2026.

Terms and conditions apply.",Bank,Positive
2044717365380739467,https://x.com/emiratesislamic/status/2044717365380739467,https://x.com/emiratesislamic,emiratesislamic,emiratesislamic,https://pbs.twimg.com/profile_images/1526452318874619904/yJhExjro_bigger.jpg,,"ادخر واكسب مع حساب ضيف الاتحاد سوبر للتوفير من الإمارات الإسلامي

💸 اكسب ما يصل إلى 750,000 ميل من أميال ضيف الاتحاد كل ربع سنة ولغاية 3,000,000 ميل من أميال ضيف الاتحاد سنوياً","ادخر واكسب مع حساب ضيف الاتحاد سوبر للتوفير من الإمارات الإسلامي

💸 اكسب ما يصل إلى 750,000 ميل من أميال ضيف الاتحاد كل ربع سنة ولغاية 3,000,000 ميل من أميال ضيف الاتحاد سنوياً",False,,,16h,"Apr 16, 2026 · 9:59 AM UTC",2026-04-16T09:59:00Z,,,1,0,1,95,EI,"ادخر واكسب مع حساب ضيف الاتحاد سوبر للتوفير من الإمارات الإسلامي

💸 اكسب ما يصل إلى 750,000 ميل من أميال ضيف الاتحاد كل ربع سنة ولغاية 3,000,000 ميل من أميال ضيف الاتحاد سنوياً",,,"ادخر واكسب مع حساب ضيف الاتحاد سوبر للتوفير من الإمارات الإسلامي

💸 اكسب ما يصل إلى 750,000 ميل من أميال ضيف الاتحاد كل ربع سنة ولغاية 3,000,000 ميل من أميال ضيف الاتحاد سنوياً","Save and earn with the Emirates Islamic Super Guest Account for savings. 

💸 Earn up to 750,000 Etihad Guest Miles every quarter and up to 3,000,000 Etihad Guest Miles annually.",Bank,Positive
2044701403591983546,https://x.com/emiratesislamic/status/2044701403591983546,https://x.com/emiratesislamic,emiratesislamic,emiratesislamic,https://pbs.twimg.com/profile_images/1526452318874619904/yJhExjro_bigger.jpg,,"مع الإمارات الإسلامي، تتحوّل طموحات الشركات الصغيرة والمتوسطة إلى فرص حقيقية للنمو. من خلال إطلاق حملة جديدة تضيف قيمة ملموسة لمتعاملينا، نفتح الباب للفوز بجوائز يصل مجموعها إلى مليون درهم إماراتي. 
نرافق رحلتكم، ندعم توسّعكم، ونمنح أفكاركم المساحة لتكبر.
معا نصنع نجاح أعمالكم.","مع الإمارات الإسلامي، تتحوّل طموحات الشركات الصغيرة والمتوسطة إلى فرص حقيقية للنمو. من خلال إطلاق حملة جديدة تضيف قيمة ملموسة لمتعاملينا، نفتح الباب للفوز بجوائز يصل مجموعها إلى مليون درهم إماراتي. 
نرافق رحلتكم، ندعم توسّعكم، ونمنح أفكاركم المساحة لتكبر.
معا نصنع نجاح أعمالكم.",False,,,17h,"Apr 16, 2026 · 8:56 AM UTC",2026-04-16T08:56:00Z,,,1,0,0,86,EI,"مع الإمارات الإسلامي، تتحوّل طموحات الشركات الصغيرة والمتوسطة إلى فرص حقيقية للنمو. من خلال إطلاق حملة جديدة تضيف قيمة ملموسة لمتعاملينا، نفتح الباب للفوز بجوائز يصل مجموعها إلى مليون درهم إماراتي. 
نرافق رحلتكم، ندعم توسّعكم، ونمنح أفكاركم المساحة لتكبر.
معا نصنع نجاح أعمالكم.",,,"مع الإمارات الإسلامي، تتحوّل طموحات الشركات الصغيرة والمتوسطة إلى فرص حقيقية للنمو. من خلال إطلاق حملة جديدة تضيف قيمة ملموسة لمتعاملينا، نفتح الباب للفوز بجوائز يصل مجموعها إلى مليون درهم إماراتي. 
نرافق رحلتكم، ندعم توسّعكم، ونمنح أفكاركم المساحة لتكبر.
معا نصنع نجاح أعمالكم.","With Emirates Islamic, the ambitions of small and medium-sized enterprises turn into real growth opportunities. By launching a new campaign that adds tangible value to our clients, we open the door to win prizes totaling up to one million dirhams. We accompany your journey, support your expansion, and give your ideas the space to grow. Together, we create the success of your business.",Bank,Positive
2044657039859757511,https://x.com/emiratesislamic/status/2044657039859757511,https://x.com/emiratesislamic,emiratesislamic,emiratesislamic,https://pbs.twimg.com/profile_images/1526452318874619904/yJhExjro_bigger.jpg,,"ليست المشكلة فيما تنفقه، بل في ما يتسرّب منه بصمت.

فالمبالغ الصغيرة التي نظنها ""غير مهمّة""، هي غالباً ما تتراكم وتؤثر على ميزانيتك أكثر مما تتوقع.

#نظرتك_المالية #التثقيف_المالي #الإمارات_الإسلامي

https://t.co/mgtIcQsyLZ","ليست المشكلة فيما تنفقه، بل في ما يتسرّب منه بصمت.

فالمبالغ الصغيرة التي نظنها &#34;غير مهمّة&#34;، هي غالباً ما تتراكم وتؤثر على ميزانيتك أكثر مما تتوقع.

<a href=""/search?f=tweets&amp;q=%23نظرتك_المالية"">#نظرتك_المالية</a> <a href=""/search?f=tweets&amp;q=%23التثقيف_المالي"">#التثقيف_المالي</a> <a href=""/search?f=tweets&amp;q=%23الإمارات_الإسلامي"">#الإمارات_الإسلامي</a>

<a href=""https://www.emiratesislamic.ae/ar/key-information/financial-wellbeing?utm_source=homepage&amp;utm_medium=website&amp;utm_content=sliding_menu_2_eng&amp;utm_campaign=finliteracy_082024"">emiratesislamic.ae/ar/key-in…</a>",False,,,20h,"Apr 16, 2026 · 6:00 AM UTC",2026-04-16T06:00:00Z,,"['https://x.com/search?f=tweets&q=%23نظرتك_المالية', 'https://x.com/search?f=tweets&q=%23التثقيف_المالي', 'https://x.com/search?f=tweets&q=%23الإمارات_الإسلامي', 'https://www.emiratesislamic.ae/ar/key-information/financial-wellbeing?utm_source=homepage&utm_medium=website&utm_content=sliding_menu_2_eng&utm_campaign=finliteracy_082024']",0,0,0,53,EI,"ليست المشكلة فيما تنفقه، بل في ما يتسرّب منه بصمت.

فالمبالغ الصغيرة التي نظنها ""غير مهمّة""، هي غالباً ما تتراكم وتؤثر على ميزانيتك أكثر مما تتوقع.

#نظرتك_المالية #التثقيف_المالي #الإمارات_الإسلامي

emiratesislamic.ae/ar/key-in…",https://x.com/emiratesislamic/status/2044657039859757511,"ليست المشكلة فيما تنفقه، بل في ما يتسرّب منه بصمت.

فالمبالغ الصغيرة التي نظنها ""غير مهمّة""، هي غالباً ما تتراكم وتؤثر على ميزانيتك أكثر مما تتوقع.

#نظرتك_المالية #التثقيف_المالي #الإمارات_الإسلامي

https://t.co/mgtIcQsyLZ","ليست المشكلة فيما تنفقه، بل في ما يتسرّب منه بصمت.

فالمبالغ الصغيرة التي نظنها ""غير مهمّة""، هي غالباً ما تتراكم وتؤثر على ميزانيتك أكثر مما تتوقع.

#نظرتك_المالية #التثقيف_المالي #الإمارات_الإسلامي

https://t.co/mgtIcQsyLZ","The problem is not in what you spend, but in what silently slips away. 

The small amounts that we think are ""insignificant"" often accumulate and affect your budget more than you expect.",Bank,Neutral
