id,permalink,userUrl,author_name,fullname,avatar,verified,text,html,isRetweet,retweetedBy,replyingTo,relativeTime,displayTime,createdAt,images,links,comments,retweets,likes,Views,bank_ext,text_1,postUrl,replyText,text_v1,post,author_type,Sentiment,uae_time,ddmmyyyy,Bank,Bank_Name,post_highlights,Name_of_bank,year,replyingTo_clean,post_date,weekday_name
2047809819265110291,https://x.com/karim_alharby/status/2047809819265110291,https://x.com/karim_alharby,karim_alharby,KARIM 🎩,https://pbs.twimg.com/profile_images/2042555658277654530/6XppkQ5x_bigger.jpg,,"حبيت أفتح حساب جولد في بنك المشرق لقيتهم عاوزني ابقى مليونير علشان يبدأو معايا الكلام بسم الله يا سيد الناس خد الشروط..
راتبك 80 الف درهم فيما فوق 
رصيدك مينزلش عن 500 الف درهم 
كان في شرط تالت ورابع قومت فاتح المحفظة وبايس كروت ADCB و ENBD و البنك الأهلي المصري وصليت ركعتين شكر","حبيت أفتح حساب جولد في بنك المشرق لقيتهم عاوزني ابقى مليونير علشان يبدأو معايا الكلام بسم الله يا سيد الناس خد الشروط..
راتبك 80 الف درهم فيما فوق 
رصيدك مينزلش عن 500 الف درهم 
كان في شرط تالت ورابع قومت فاتح المحفظة وبايس كروت ADCB و ENBD و البنك الأهلي المصري وصليت ركعتين شكر",False,,,3h,"Apr 24, 2026 · 10:48 PM UTC",2026-04-24 22:48:00,,,0,0,14,1905,ENBD,"حبيت أفتح حساب جولد في بنك المشرق لقيتهم عاوزني ابقى مليونير علشان يبدأو معايا الكلام بسم الله يا سيد الناس خد الشروط..
راتبك 80 الف درهم فيما فوق 
رصيدك مينزلش عن 500 الف درهم 
كان في شرط تالت ورابع قومت فاتح المحفظة وبايس كروت ADCB و ENBD و البنك الأهلي المصري وصليت ركعتين شكر",https://x.com/karim_alharby/status/2047809819265110291,"حبيت أفتح حساب جولد في بنك المشرق لقيتهم عاوزني ابقى مليونير علشان يبدأو معايا الكلام بسم الله يا سيد الناس خد الشروط..
راتبك 80 الف درهم فيما فوق 
رصيدك مينزلش عن 500 الف درهم 
كان في شرط تالت ورابع قومت فاتح المحفظة وبايس كروت ADCB و ENBD و البنك الأهلي المصري وصليت ركعتين شكر","حبيت أفتح حساب جولد في بنك المشرق لقيتهم عاوزني ابقى مليونير علشان يبدأو معايا الكلام بسم الله يا سيد الناس خد الشروط..
راتبك 80 الف درهم فيما فوق 
رصيدك مينزلش عن 500 الف درهم 
كان في شرط تالت ورابع قومت فاتح المحفظة وبايس كروت ADCB و ENBD و البنك الأهلي المصري وصليت ركعتين شكر","I wanted to open a gold account at Mashreq Bank, but they wanted me to be a millionaire for them to start talking to me. In the name of God, here are the conditions: 
Your salary must be 80,000 dirhams or more, and your balance should not be less than 500,000 dirhams. There were third and fourth conditions, so I opened the account and linked it to ADCB, ENBD, and the National Bank of Egypt cards, and I prayed two units of gratitude.",Cust,Neutral,2026-04-25 02:48:00,2026-04-25,ENBD,1. Emirates NBD Bank (ENBD),"In the name of God, here are the conditions: Your salary must be 80,000 dirhams or more, and your balance should not be less than 500,000 dirhams. • There were third and fourth conditions, so I opened the account and linked it to ADCB, ENBD, and the National Bank of Egypt cards, and I prayed two units of gratitude. • I wanted to open a gold account at Mashreq Bank, but they wanted me to be a millionaire for them to start talking to me.",Emirates NBD Bank (ENBD),2026,None,2026-04-25 02:48:00,Saturday
2047712208696614977,https://x.com/Barigiin7m/status/2047712208696614977,https://x.com/Barigiin7m,Barigiin7m,Barigi,https://pbs.twimg.com/abs.twimg.com/sticky/default_profile_images/default_profile_bigger.png,,"سيارة حلمك تقدر تتملكها
جديدة ولا مستعملة نمولها لك مع التمويل التأجيري للسيارات من بنك الإمارات دبي الوطني",اود تقديم قرض كيف أتواصل معكم,False,,['EmiratesNBD_KSA'],10h,"Apr 24, 2026 · 4:20 PM UTC",2026-04-24 16:20:00,,,1,0,0,6,ENBD,اود تقديم قرض كيف أتواصل معكم,https://x.com/Barigiin7m/status/2047712208696614977,"سيارة حلمك تقدر تتملكها
جديدة ولا مستعملة نمولها لك مع التمويل التأجيري للسيارات من بنك الإمارات دبي الوطني","سيارة حلمك تقدر تتملكها
جديدة ولا مستعملة نمولها لك مع التمويل التأجيري للسيارات من بنك الإمارات دبي الوطني","You can own your dream car, whether new or used, with leasing financing for cars from Emirates NBD.",Cust,Positive,2026-04-24 20:20:00,2026-04-24,ENBD,1. Emirates NBD Bank (ENBD),"You can own your dream car, whether new or used, with leasing financing for cars from Emirates NBD.",Emirates NBD Bank (ENBD),2026,EmiratesNBD_KSA,2026-04-24 20:20:00,Friday
2047692986402643994,https://x.com/ENBDdeals/status/2047692986402643994,https://x.com/ENBDdeals,ENBDdeals,Emirates NBD Deals,https://pbs.twimg.com/profile_images/1763624422294814720/EmRI1Aqu_bigger.jpg,,"باقة ورد لكل لحظة مميزة مع فلاورد 💐
احصل على خصم 20% على تنسيقات الورود الأنيقة، حصريًا عبر تطبيق تستاهل.
لمعرفة المزيد:
https://t.co/quzlzhDcXR https://t.co/Pj8RmtMYOK","Get an AED 500 Pet Corner Gift Card when you apply for an Emirates NBD noon One Visa Credit Card.

Apply Now: <a href=""https://www.emiratesnbd.com/en/campaigns/noon-one-credit-card"">emiratesnbd.com/en/campaigns…</a>",False,,,11h,"Apr 24, 2026 · 3:03 PM UTC",2026-04-24 15:03:00,,['https://www.emiratesnbd.com/en/campaigns/noon-one-credit-card'],0,0,1,62,ENBD,"Get an AED 500 Pet Corner Gift Card when you apply for an Emirates NBD noon One Visa Credit Card.

Apply Now: emiratesnbd.com/en/campaigns…",https://x.com/ENBDdeals/status/2047692986402643994,"باقة ورد لكل لحظة مميزة مع فلاورد 💐
احصل على خصم 20% على تنسيقات الورود الأنيقة، حصريًا عبر تطبيق تستاهل.
لمعرفة المزيد:
https://t.co/quzlzhDcXR https://t.co/Pj8RmtMYOK","باقة ورد لكل لحظة مميزة مع فلاورد 💐
احصل على خصم 20% على تنسيقات الورود الأنيقة، حصريًا عبر تطبيق تستاهل.
لمعرفة المزيد:
https://t.co/quzlzhDcXR https://t.co/Pj8RmtMYOK","A bouquet of flowers for every special moment with Flarowd 💐 Get a 20% discount on elegant flower arrangements, exclusively through the Testahl app. To learn more: https://t.co/quzlzhDcXR https://t.co/Pj8RmtMYOK",Bank,Neutral,2026-04-24 19:03:00,2026-04-24,ENBD,1. Emirates NBD Bank (ENBD),"A bouquet of flowers for every special moment with Flarowd 💐 Get a 20% discount on elegant flower arrangements, exclusively through the Testahl app. • To learn more: https://t.co/quzlzhDcXR https://t.co/Pj8RmtMYOK",Emirates NBD Bank (ENBD),2026,None,2026-04-24 19:03:00,Friday
2047692228684878061,https://x.com/fortyxxl88/status/2047692228684878061,https://x.com/fortyxxl88,fortyxxl88,forty,https://pbs.twimg.com/profile_images/2043738450134749184/JdKcVTW__bigger.jpg,,الووووو .,الووووو .,False,,['EmiratesNBD_KSA'],11h,"Apr 24, 2026 · 3:00 PM UTC",2026-04-24 15:00:00,,,1,0,0,15,ENBD,الووووو .,,,الووووو .,Hello.,Cust,Neutral,2026-04-24 19:00:00,2026-04-24,ENBD,1. Emirates NBD Bank (ENBD),Hello.,Emirates NBD Bank (ENBD),2026,EmiratesNBD_KSA,2026-04-24 19:00:00,Friday
2047691273159528852,https://x.com/fortyxxl88/status/2047691273159528852,https://x.com/fortyxxl88,fortyxxl88,forty,https://pbs.twimg.com/profile_images/2043738450134749184/JdKcVTW__bigger.jpg,,"متى بتفعلون خدمة SAMSUNG PAY ؟

 @EmiratesNBD_KSA",تشترون مديونية قطاع خاص غير معتمد ؟,False,,['EmiratesNBD_KSA'],11h,"Apr 24, 2026 · 2:56 PM UTC",2026-04-24 14:56:00,,,0,0,0,13,ENBD,تشترون مديونية قطاع خاص غير معتمد ؟,https://x.com/fortyxxl88/status/2047691273159528852,"متى بتفعلون خدمة SAMSUNG PAY ؟

 @EmiratesNBD_KSA","متى بتفعلون خدمة SAMSUNG PAY ؟

 @EmiratesNBD_KSA",When will you activate the SAMSUNG PAY service?,Cust,Neutral,2026-04-24 18:56:00,2026-04-24,ENBD,1. Emirates NBD Bank (ENBD),When will you activate the SAMSUNG PAY service?,Emirates NBD Bank (ENBD),2026,EmiratesNBD_KSA,2026-04-24 18:56:00,Friday
2047678055070757117,https://x.com/abhiseksonusonu/status/2047678055070757117,https://x.com/abhiseksonusonu,abhiseksonusonu,A R mishra,https://pbs.twimg.com/profile_images/1912019334932611072/h2qIgZ-L_bigger.jpg,,@LivBank @EmiratesNBD_AE  My issue regarding the credit card payment has now been successfully resolved.I would like to extend my sincere thanks to the bank’s support team for their prompt response and professional assistance throughout the process.Thank you once again.,"<a href=""/LivBank"" title=""Liv Digital Bank"">@LivBank</a> <a href=""/EmiratesNBD_AE"" title=""Emirates NBD"">@EmiratesNBD_AE</a>  My issue regarding the credit card payment has now been successfully resolved.I would like to extend my sincere thanks to the bank’s support team for their prompt response and professional assistance throughout the process.Thank you once again.",False,,,12h,"Apr 24, 2026 · 2:04 PM UTC",2026-04-24 14:04:00,,"['https://x.com/LivBank', 'https://x.com/EmiratesNBD_AE']",0,0,0,15,ENBD,@LivBank @EmiratesNBD_AE  My issue regarding the credit card payment has now been successfully resolved.I would like to extend my sincere thanks to the bank’s support team for their prompt response and professional assistance throughout the process.Thank you once again.,https://x.com/abhiseksonusonu/status/2047678055070757117,@LivBank @EmiratesNBD_AE  My issue regarding the credit card payment has now been successfully resolved.I would like to extend my sincere thanks to the bank’s support team for their prompt response and professional assistance throughout the process.Thank you once again.,@LivBank @EmiratesNBD_AE  My issue regarding the credit card payment has now been successfully resolved.I would like to extend my sincere thanks to the bank’s support team for their prompt response and professional assistance throughout the process.Thank you once again.,My issue regarding the credit card payment has now been successfully resolved. I would like to extend my sincere thanks to the bank’s support team for their prompt response and professional assistance throughout the process. Thank you once again.,Cust,Positive,2026-04-24 18:04:00,2026-04-24,ENBD,1. Emirates NBD Bank (ENBD),I would like to extend my sincere thanks to the bank’s support team for their prompt response and professional assistance throughout the process. • My issue regarding the credit card payment has now been successfully resolved.,Emirates NBD Bank (ENBD),2026,None,2026-04-24 18:04:00,Friday
2047666831612149831,https://x.com/AmalaAyesha/status/2047666831612149831,https://x.com/AmalaAyesha,AmalaAyesha,Ayesha.amala,https://pbs.twimg.com/profile_images/1525897615388327937/W-HZKLQ2_bigger.jpg,,"You get an unexpected payment request. What do you do?

Stay Safe, Stay Vigilant. #UnitedAgainstFraud

https://t.co/YpRWtBZrhq",Is this biggest joke ?,False,,['EmiratesNBD_AE'],13h,"Apr 24, 2026 · 1:19 PM UTC",2026-04-24 13:19:00,,,1,0,1,28,ENBD,Is this biggest joke ?,https://x.com/AmalaAyesha/status/2047666831612149831,"You get an unexpected payment request. What do you do?

Stay Safe, Stay Vigilant. #UnitedAgainstFraud

https://t.co/YpRWtBZrhq","You get an unexpected payment request. What do you do?

Stay Safe, Stay Vigilant. #UnitedAgainstFraud

https://t.co/YpRWtBZrhq","You receive an unexpected payment request. What do you do? 

Stay Safe, Stay Vigilant. #UnitedAgainstFraud",Cust,Neutral,2026-04-24 17:19:00,2026-04-24,ENBD,1. Emirates NBD Bank (ENBD),"Stay Safe, Stay Vigilant. • You receive an unexpected payment request.",Emirates NBD Bank (ENBD),2026,EmiratesNBD_AE,2026-04-24 17:19:00,Friday
2047663017521774593,https://x.com/buib102/status/2047663017521774593,https://x.com/buib102,buib102,kal,https://pbs.twimg.com/abs.twimg.com/sticky/default_profile_images/default_profile_bigger.png,,"حولت اليوم مبلغ مالي اكثر من 20 الف من حسابي لديكم لبنك @alinma
متى توصل الحواله ؟","حولت اليوم مبلغ مالي اكثر من 20 الف من حسابي لديكم لبنك <a href=""/alinma"" title=""الإنماء"">@alinma</a>
متى توصل الحواله ؟",False,,"['EmiratesNBD_KSA', 'AbdulrhmanRF']",13h,"Apr 24, 2026 · 1:04 PM UTC",2026-04-24 13:04:00,,['https://x.com/alinma'],1,0,0,11,ENBD,"حولت اليوم مبلغ مالي اكثر من 20 الف من حسابي لديكم لبنك @alinma
متى توصل الحواله ؟",,,"حولت اليوم مبلغ مالي اكثر من 20 الف من حسابي لديكم لبنك @alinma
متى توصل الحواله ؟","I transferred an amount of more than 20,000 from my account with you to Alinma Bank today. When will the transfer arrive?",Cust,Neutral,2026-04-24 17:04:00,2026-04-24,ENBD,1. Emirates NBD Bank (ENBD),"I transferred an amount of more than 20,000 from my account with you to Alinma Bank today. • When will the transfer arrive?",Emirates NBD Bank (ENBD),2026,"EmiratesNBD_KSA, AbdulrhmanRF",2026-04-24 17:04:00,Friday
2047647028012876081,https://x.com/NovoCinemas/status/2047647028012876081,https://x.com/NovoCinemas,NovoCinemas,Novo Cinemas,https://pbs.twimg.com/profile_images/2008888282768429056/a3q3GqDa_bigger.jpg,,"Bro life… but extra chaos 🍻🔥#VaazhaII continues to pull crowds with fun, madness and those “this is so real” moments. Watch it now at Novo Cinemas. Book on https://t.co/w2yAiSn6ht or the Novo App. https://t.co/ycxZoinbXq","Sometimes, all you need is a quiet escape into a great story. 🎞️🤍 Use your Emirates NBD card at Novo Cinemas to enjoy 15% off tickets any day of the week. A simple way to reward yourself with a moment of peace. Book your tickets now by visiting <a href=""http://www.NovoCinemas.com"">NovoCinemas.com</a> or the App",False,,,14h,"Apr 24, 2026 · 12:01 PM UTC",2026-04-24 12:01:00,,['http://www.NovoCinemas.com'],0,0,0,27,ENBD,"Sometimes, all you need is a quiet escape into a great story. 🎞️🤍 Use your Emirates NBD card at Novo Cinemas to enjoy 15% off tickets any day of the week. A simple way to reward yourself with a moment of peace. Book your tickets now by visiting NovoCinemas.com or the App",https://x.com/NovoCinemas/status/2047647028012876081,"Bro life… but extra chaos 🍻🔥#VaazhaII continues to pull crowds with fun, madness and those “this is so real” moments. Watch it now at Novo Cinemas. Book on https://t.co/w2yAiSn6ht or the Novo App. https://t.co/ycxZoinbXq","Bro life… but extra chaos 🍻🔥#VaazhaII continues to pull crowds with fun, madness and those “this is so real” moments. Watch it now at Novo Cinemas. Book on https://t.co/w2yAiSn6ht or the Novo App. https://t.co/ycxZoinbXq","Bro life… but extra chaos 🍻🔥#VaazhaII continues to pull crowds with fun, madness and those “this is so real” moments. Watch it now at Novo Cinemas. Book on https://t.co/w2yAiSn6ht or the Novo App. https://t.co/ycxZoinbXq",Cust,Neutral,2026-04-24 16:01:00,2026-04-24,ENBD,1. Emirates NBD Bank (ENBD),"Bro life… but extra chaos 🍻🔥#VaazhaII continues to pull crowds with fun, madness and those “this is so real” moments. • Book on https://t.co/w2yAiSn6ht or the Novo App. • Watch it now at Novo Cinemas.",Emirates NBD Bank (ENBD),2026,None,2026-04-24 16:01:00,Friday
2047628468545110433,https://x.com/dandbdubai/status/2047628468545110433,https://x.com/dandbdubai,dandbdubai,D&B Properties,https://pbs.twimg.com/profile_images/1696029705600708608/mr6ZIB0B_bigger.jpg,,"Proud to call the UAE home 🇦🇪
The UAE continues to inspire, build, and lead and we’re proud to be part of that story.
Here’s to growth, innovation, and everything ahead

#UAE #ProudOfUAE #UAENationalPride #Dubai #DubaiLife https://t.co/bnUJHbF5lp","Breaking News 📢 Dubai Real Estate Just Entered a New Era 🌇
▪️50/50 Strategy: Pay 50% and leverage ENBD financing for the rest.
▪️Project Readiness: Available on premium projects at least 30% complete.
▪️Maximum Liquidity: Grow your portfolio without tying up all your cash.",False,,,15h,"Apr 24, 2026 · 10:47 AM UTC",2026-04-24 10:47:00,,,0,0,0,22,ENBD,"Breaking News 📢 Dubai Real Estate Just Entered a New Era 🌇
▪️50/50 Strategy: Pay 50% and leverage ENBD financing for the rest.
▪️Project Readiness: Available on premium projects at least 30% complete.
▪️Maximum Liquidity: Grow your portfolio without tying up all your cash.",https://x.com/dandbdubai/status/2047628468545110433,"Proud to call the UAE home 🇦🇪
The UAE continues to inspire, build, and lead and we’re proud to be part of that story.
Here’s to growth, innovation, and everything ahead

#UAE #ProudOfUAE #UAENationalPride #Dubai #DubaiLife https://t.co/bnUJHbF5lp","Proud to call the UAE home 🇦🇪
The UAE continues to inspire, build, and lead and we’re proud to be part of that story.
Here’s to growth, innovation, and everything ahead

#UAE #ProudOfUAE #UAENationalPride #Dubai #DubaiLife https://t.co/bnUJHbF5lp","Proud to call the UAE home. The UAE continues to inspire, build, and lead, and we’re proud to be part of that story. Here’s to growth, innovation, and everything ahead.",Cust,Neutral,2026-04-24 14:47:00,2026-04-24,ENBD,1. Emirates NBD Bank (ENBD),"The UAE continues to inspire, build, and lead, and we’re proud to be part of that story. • Proud to call the UAE home. • Here’s to growth, innovation, and everything ahead.",Emirates NBD Bank (ENBD),2026,None,2026-04-24 14:47:00,Friday
2047601280143724646,https://x.com/XSilverMermaidX/status/2047601280143724646,https://x.com/XSilverMermaidX,XSilverMermaidX,Kang Hori,https://pbs.twimg.com/profile_images/419562448748695552/bW8b5d7__bigger.jpeg,,"@EmiratesNBD_AE  hello, i want to check, is there an issue with the SMS server? I stopped receiving SMS after April 7th","<a href=""/EmiratesNBD_AE"" title=""Emirates NBD"">@EmiratesNBD_AE</a>  hello, i want to check, is there an issue with the SMS server? I stopped receiving SMS after April 7th",False,,,17h,"Apr 24, 2026 · 8:59 AM UTC",2026-04-24 08:59:00,,['https://x.com/EmiratesNBD_AE'],1,0,0,7,ENBD,"@EmiratesNBD_AE  hello, i want to check, is there an issue with the SMS server? I stopped receiving SMS after April 7th",https://x.com/XSilverMermaidX/status/2047601280143724646,"@EmiratesNBD_AE  hello, i want to check, is there an issue with the SMS server? I stopped receiving SMS after April 7th","@EmiratesNBD_AE  hello, i want to check, is there an issue with the SMS server? I stopped receiving SMS after April 7th","Hello, I want to check if there is an issue with the SMS server? I stopped receiving SMS after April 7th.",Cust,Neutral,2026-04-24 12:59:00,2026-04-24,ENBD,1. Emirates NBD Bank (ENBD),"I stopped receiving SMS after April 7th. • Hello, I want to check if there is an issue with the SMS server?",Emirates NBD Bank (ENBD),2026,None,2026-04-24 12:59:00,Friday
2047564934997762494,https://x.com/zachrose51/status/2047564934997762494,https://x.com/zachrose51,zachrose51,Zach Roseman,https://pbs.twimg.com/profile_images/1709989703842164737/7VJMa5sV_bigger.jpg,,"@coiningmaxi Alright - found some of your customers: PayTabs, Telr, Network International, Magnati, Emirates NBD and Mashreq Bank. Sound right? Going to use these to track down real prospects at your dream customers and map intro paths to them","Alright - found some of your customers: PayTabs, Telr, Network International, Magnati, Emirates NBD and Mashreq Bank. Sound right? Going to use these to track down real prospects at your dream customers and map intro paths to them",False,,['coiningmaxi'],19h,"Apr 24, 2026 · 6:34 AM UTC",2026-04-24 06:34:00,,,0,0,0,6,ENBD,"Alright - found some of your customers: PayTabs, Telr, Network International, Magnati, Emirates NBD and Mashreq Bank. Sound right? Going to use these to track down real prospects at your dream customers and map intro paths to them",https://x.com/zachrose51/status/2047564934997762494,"@coiningmaxi Alright - found some of your customers: PayTabs, Telr, Network International, Magnati, Emirates NBD and Mashreq Bank. Sound right? Going to use these to track down real prospects at your dream customers and map intro paths to them","@coiningmaxi Alright - found some of your customers: PayTabs, Telr, Network International, Magnati, Emirates NBD and Mashreq Bank. Sound right? Going to use these to track down real prospects at your dream customers and map intro paths to them","Alright - I found some of your customers: PayTabs, Telr, Network International, Magnati, Emirates NBD, and Mashreq Bank. Does that sound right? I'm going to use these to track down real prospects at your dream customers and map introduction paths to them.",Cust,Neutral,2026-04-24 10:34:00,2026-04-24,ENBD,1. Emirates NBD Bank (ENBD),"Alright - I found some of your customers: PayTabs, Telr, Network International, Magnati, Emirates NBD, and Mashreq Bank. • I'm going to use these to track down real prospects at your dream customers and map introduction paths to them.",Emirates NBD Bank (ENBD),2026,coiningmaxi,2026-04-24 10:34:00,Friday
2047530498705195395,https://x.com/hkayyal/status/2047530498705195395,https://x.com/hkayyal,hkayyal,Houssam Kayyal حسام كيال,https://pbs.twimg.com/profile_images/2044832438078275584/VB1YBCs5_bigger.jpg,,"🧵 Gulf Fintech Daily — April 24, 2026

AI as infrastructure. Sovereign capital as catalyst. 5 stories 👇

#GulfFintech #MENA #FinTech","3️⃣ Dubai South × Emirates NBD sign MoU for streamlined SME banking access.

Corporate account opening + tailored banking within the free zone.

94% of UAE businesses are SMEs. Financial onboarding friction is being systematically removed.

<a href=""/search?f=tweets&amp;q=%23Dubai"">#Dubai</a> <a href=""/search?f=tweets&amp;q=%23SME"">#SME</a> <a href=""/search?f=tweets&amp;q=%23D33"">#D33</a>",False,,,22h,"Apr 24, 2026 · 4:18 AM UTC",2026-04-24 04:18:00,,"['https://x.com/search?f=tweets&q=%23Dubai', 'https://x.com/search?f=tweets&q=%23SME', 'https://x.com/search?f=tweets&q=%23D33']",0,0,0,19,ENBD,"3️⃣ Dubai South × Emirates NBD sign MoU for streamlined SME banking access.

Corporate account opening + tailored banking within the free zone.

94% of UAE businesses are SMEs. Financial onboarding friction is being systematically removed.

#Dubai #SME #D33",https://x.com/hkayyal/status/2047530498705195395,"🧵 Gulf Fintech Daily — April 24, 2026

AI as infrastructure. Sovereign capital as catalyst. 5 stories 👇

#GulfFintech #MENA #FinTech","🧵 Gulf Fintech Daily — April 24, 2026

AI as infrastructure. Sovereign capital as catalyst. 5 stories 👇

#GulfFintech #MENA #FinTech","Gulf Fintech Daily — April 24, 2026

AI as infrastructure. Sovereign capital as a catalyst. 5 stories below.",Cust,Neutral,2026-04-24 08:18:00,2026-04-24,ENBD,1. Emirates NBD Bank (ENBD),"Gulf Fintech Daily — April 24, 2026 AI as infrastructure. • Sovereign capital as a catalyst.",Emirates NBD Bank (ENBD),2026,None,2026-04-24 08:18:00,Friday
2047835274818748466,https://x.com/iDenville/status/2047835274818748466,https://x.com/iDenville,iDenville,DenvilleCommunity,https://pbs.twimg.com/profile_images/2016182960915918848/VD9PxabL_bigger.jpg,,Judge overturns election after Democrats caught ballot stuffing. https://t.co/sCEs1CS21j,"Most of the Islamic banking is done through a different system, Bai&#39; al-Sarf.  They have their own banks: Emirates Islamic Bank, Al Rajhi Bank, Abu Dhabi Islamic Bank and more.  They come with apps.",False,,"['stelpetla', 'JDunlap1974']",2h,"Apr 25, 2026 · 12:29 AM UTC",2026-04-25 00:29:00,,,0,0,1,21,EI,"Most of the Islamic banking is done through a different system, Bai' al-Sarf.  They have their own banks: Emirates Islamic Bank, Al Rajhi Bank, Abu Dhabi Islamic Bank and more.  They come with apps.",https://x.com/iDenville/status/2047835274818748466,Judge overturns election after Democrats caught ballot stuffing. https://t.co/sCEs1CS21j,Judge overturns election after Democrats caught ballot stuffing. https://t.co/sCEs1CS21j,Judge overturns election after Democrats were caught ballot stuffing.,Cust,Neutral,2026-04-25 04:29:00,2026-04-25,EI,2. Emirates Islamic Bank (EIB),Judge overturns election after Democrats were caught ballot stuffing.,Emirates Islamic Bank (EIB),2026,"stelpetla, JDunlap1974",2026-04-25 04:29:00,Saturday
2047717990762782723,https://x.com/emiratesislamic/status/2047717990762782723,https://x.com/emiratesislamic,emiratesislamic,emiratesislamic,https://pbs.twimg.com/profile_images/1526452318874619904/yJhExjro_bigger.jpg,,"⏳Payment holidays
🎁 Exclusive prizes with Kunooz Millionaire Account

Terms and conditions apply.

Know more

https://t.co/OfDhWyedzP

#EmiratesIslamic #FrontlineHeroes","⏳Payment holidays
🎁 Exclusive prizes with Kunooz Millionaire Account

Terms and conditions apply.

Know more

<a href=""https://www.emiratesislamic.ae/en/offers/frontline-heroes-offer?utm_source=organic-twitter&amp;utm_medium=social&amp;utm_campaign=front_line"">emiratesislamic.ae/en/offers…</a>

<a href=""/search?f=tweets&amp;q=%23EmiratesIslamic"">#EmiratesIslamic</a> <a href=""/search?f=tweets&amp;q=%23FrontlineHeroes"">#FrontlineHeroes</a>",False,,,9h,"Apr 24, 2026 · 4:43 PM UTC",2026-04-24 16:43:00,,"['https://www.emiratesislamic.ae/en/offers/frontline-heroes-offer?utm_source=organic-twitter&utm_medium=social&utm_campaign=front_line', 'https://x.com/search?f=tweets&q=%23EmiratesIslamic', 'https://x.com/search?f=tweets&q=%23FrontlineHeroes']",0,0,0,25,EI,"⏳Payment holidays
🎁 Exclusive prizes with Kunooz Millionaire Account

Terms and conditions apply.

Know more

emiratesislamic.ae/en/offers…

#EmiratesIslamic #FrontlineHeroes",https://x.com/emiratesislamic/status/2047717990762782723,"⏳Payment holidays
🎁 Exclusive prizes with Kunooz Millionaire Account

Terms and conditions apply.

Know more

https://t.co/OfDhWyedzP

#EmiratesIslamic #FrontlineHeroes","⏳Payment holidays
🎁 Exclusive prizes with Kunooz Millionaire Account

Terms and conditions apply.

Know more

https://t.co/OfDhWyedzP

#EmiratesIslamic #FrontlineHeroes",Payment holidays Exclusive prizes with Kunooz Millionaire Account Terms and conditions apply. Know more,Bank,Positive,2026-04-24 20:43:00,2026-04-24,EI,2. Emirates Islamic Bank (EIB),Payment holidays Exclusive prizes with Kunooz Millionaire Account Terms and conditions apply.,Emirates Islamic Bank (EIB),2026,None,2026-04-24 20:43:00,Friday
2047631640168374617,https://x.com/emiratesislamic/status/2047631640168374617,https://x.com/emiratesislamic,emiratesislamic,emiratesislamic,https://pbs.twimg.com/profile_images/1526452318874619904/yJhExjro_bigger.jpg,,"Get a guaranteed iPhone 17 when you apply for an Emirates Islamic Personal Finance.

Also, enjoy exclusive benefits:
📊 Profit rates starting from 2.59% flat p.a.(approximately equivalent to 4.74% p.a. reducing profit rate)
🏦 Finance amount of up to AED 4,000,000 https://t.co/QSbM2ZKbuH","Get a guaranteed iPhone 17 when you apply for an Emirates Islamic Personal Finance.

Also, enjoy exclusive benefits:
📊 Profit rates starting from 2.59% flat p.a.(approximately equivalent to 4.74% p.a. reducing profit rate)
🏦 Finance amount of up to AED 4,000,000",False,,,15h,"Apr 24, 2026 · 11:00 AM UTC",2026-04-24 11:00:00,,,1,0,0,26,EI,"Get a guaranteed iPhone 17 when you apply for an Emirates Islamic Personal Finance.

Also, enjoy exclusive benefits:
📊 Profit rates starting from 2.59% flat p.a.(approximately equivalent to 4.74% p.a. reducing profit rate)
🏦 Finance amount of up to AED 4,000,000",https://x.com/emiratesislamic/status/2047631640168374617,"Get a guaranteed iPhone 17 when you apply for an Emirates Islamic Personal Finance.

Also, enjoy exclusive benefits:
📊 Profit rates starting from 2.59% flat p.a.(approximately equivalent to 4.74% p.a. reducing profit rate)
🏦 Finance amount of up to AED 4,000,000 https://t.co/QSbM2ZKbuH","Get a guaranteed iPhone 17 when you apply for an Emirates Islamic Personal Finance.

Also, enjoy exclusive benefits:
📊 Profit rates starting from 2.59% flat p.a.(approximately equivalent to 4.74% p.a. reducing profit rate)
🏦 Finance amount of up to AED 4,000,000 https://t.co/QSbM2ZKbuH","Get a guaranteed iPhone 17 when you apply for an Emirates Islamic Personal Finance.

Also, enjoy exclusive benefits:
📊 Profit rates starting from 2.59% flat per annum (approximately equivalent to 4.74% per annum reducing profit rate)
🏦 Finance amount of up to AED 4,000,000",Bank,Positive,2026-04-24 15:00:00,2026-04-24,EI,2. Emirates Islamic Bank (EIB),"Also, enjoy exclusive benefits: 📊 Profit rates starting from 2.59% flat per annum (approximately equivalent to 4.74% per annum reducing profit rate) 🏦 Finance amount of up to AED 4,000,000 • Get a guaranteed iPhone 17 when you apply for an Emirates Islamic Personal Finance.",Emirates Islamic Bank (EIB),2026,None,2026-04-24 15:00:00,Friday
2047575014564921667,https://x.com/ABCinGCC/status/2047575014564921667,https://x.com/ABCinGCC,ABCinGCC,Arabian Business Community (ABC GCC),https://pbs.twimg.com/profile_images/1782384725962653696/jF3qtc02_bigger.jpg,,"Emirates Islamic has reported an operating profit of AED1.1 billion ($299.52 million) for the quarter ending March 31, 2026, 7% growth over the same period last year.

Read more on https://t.co/I3d8g2xghd

#ABCNews #Profit #Banking #FinancialInstitution https://t.co/jfJF6uK62j","Emirates Islamic has reported an operating profit of AED1.1 billion ($299.52 million) for the quarter ending March 31, 2026, 7% growth over the same period last year.

Read more on <a href=""https://abc-gcc.net/News/1/395058"">abc-gcc.net/News/1/395058</a>

<a href=""/search?f=tweets&amp;q=%23ABCNews"">#ABCNews</a> <a href=""/search?f=tweets&amp;q=%23Profit"">#Profit</a> <a href=""/search?f=tweets&amp;q=%23Banking"">#Banking</a> <a href=""/search?f=tweets&amp;q=%23FinancialInstitution"">#FinancialInstitution</a>",False,,,19h,"Apr 24, 2026 · 7:15 AM UTC",2026-04-24 07:15:00,,"['https://abc-gcc.net/News/1/395058', 'https://x.com/search?f=tweets&q=%23ABCNews', 'https://x.com/search?f=tweets&q=%23Profit', 'https://x.com/search?f=tweets&q=%23Banking', 'https://x.com/search?f=tweets&q=%23FinancialInstitution']",0,0,0,19,EI,"Emirates Islamic has reported an operating profit of AED1.1 billion ($299.52 million) for the quarter ending March 31, 2026, 7% growth over the same period last year.

Read more on abc-gcc.net/News/1/395058

#ABCNews #Profit #Banking #FinancialInstitution",https://x.com/ABCinGCC/status/2047575014564921667,"Emirates Islamic has reported an operating profit of AED1.1 billion ($299.52 million) for the quarter ending March 31, 2026, 7% growth over the same period last year.

Read more on https://t.co/I3d8g2xghd

#ABCNews #Profit #Banking #FinancialInstitution https://t.co/jfJF6uK62j","Emirates Islamic has reported an operating profit of AED1.1 billion ($299.52 million) for the quarter ending March 31, 2026, 7% growth over the same period last year.

Read more on https://t.co/I3d8g2xghd

#ABCNews #Profit #Banking #FinancialInstitution https://t.co/jfJF6uK62j","Emirates Islamic has reported an operating profit of AED1.1 billion ($299.52 million) for the quarter ending March 31, 2026, a 7% growth over the same period last year.",Cust,Positive,2026-04-24 11:15:00,2026-04-24,EI,2. Emirates Islamic Bank (EIB),"Emirates Islamic has reported an operating profit of AED1.1 billion ($299.52 million) for the quarter ending March 31, 2026, a 7% growth over the same period last year.",Emirates Islamic Bank (EIB),2026,None,2026-04-24 11:15:00,Friday
2047556140431556611,https://x.com/emiratesislamic/status/2047556140431556611,https://x.com/emiratesislamic,emiratesislamic,emiratesislamic,https://pbs.twimg.com/profile_images/1526452318874619904/yJhExjro_bigger.jpg,,"You have an unpaid fine – click here

Do not fall for the traps. Stay alert to scams.

#EIAgainstFraud with Emirates Islamic.

#TogetherAgainstFraud

https://t.co/y7eSpGNdfk","You have an unpaid fine – click here

Do not fall for the traps. Stay alert to scams.

<a href=""/search?f=tweets&amp;q=%23EIAgainstFraud"">#EIAgainstFraud</a> with Emirates Islamic.

<a href=""/search?f=tweets&amp;q=%23TogetherAgainstFraud"">#TogetherAgainstFraud</a>

<a href=""https://www.emiratesislamic.ae/en/personal-banking/ways-to-bank/security"">emiratesislamic.ae/en/person…</a>",False,,,20h,"Apr 24, 2026 · 6:00 AM UTC",2026-04-24 06:00:00,,"['https://x.com/search?f=tweets&q=%23EIAgainstFraud', 'https://x.com/search?f=tweets&q=%23TogetherAgainstFraud', 'https://www.emiratesislamic.ae/en/personal-banking/ways-to-bank/security']",0,0,0,37,EI,"You have an unpaid fine – click here

Do not fall for the traps. Stay alert to scams.

#EIAgainstFraud with Emirates Islamic.

#TogetherAgainstFraud

emiratesislamic.ae/en/person…",https://x.com/emiratesislamic/status/2047556140431556611,"You have an unpaid fine – click here

Do not fall for the traps. Stay alert to scams.

#EIAgainstFraud with Emirates Islamic.

#TogetherAgainstFraud

https://t.co/y7eSpGNdfk","You have an unpaid fine – click here

Do not fall for the traps. Stay alert to scams.

#EIAgainstFraud with Emirates Islamic.

#TogetherAgainstFraud

https://t.co/y7eSpGNdfk","You have an unpaid fine – click here

Do not fall for the traps. Stay alert to scams.

#EIAgainstFraud with Emirates Islamic.

#TogetherAgainstFraud

https://t.co/y7eSpGNdfk",Bank,Neutral,2026-04-24 10:00:00,2026-04-24,EI,2. Emirates Islamic Bank (EIB),You have an unpaid fine – click here Do not fall for the traps. • #TogetherAgainstFraud https://t.co/y7eSpGNdfk • #EIAgainstFraud with Emirates Islamic.,Emirates Islamic Bank (EIB),2026,None,2026-04-24 10:00:00,Friday
2047717988195852322,https://x.com/emiratesislamic/status/2047717988195852322,https://x.com/emiratesislamic,emiratesislamic,emiratesislamic,https://pbs.twimg.com/profile_images/1526452318874619904/yJhExjro_bigger.jpg,,"🇦🇪 تحية تقدير وامتنان لأبطال الوطن
 
تقديراً لإخلاصك وتفانيك في خدمة الوطن، قمنا بتصميم باقة حصرية من المزايا المصرفية لنمنحك راحة البال.
📈 معدلات أرباح مميزة على التمويل https://t.co/DrYnMIk6Zd","🇦🇪 We salute the nation’s heroes 

We value your commitment and have designed exclusive banking benefits for your peace of mind.

📈 Attractive finance profit rates
🏦 Zero processing fees",False,,,9h,"Apr 24, 2026 · 4:43 PM UTC",2026-04-24 16:43:00,,,1,0,1,39,EI,"🇦🇪 We salute the nation’s heroes 

We value your commitment and have designed exclusive banking benefits for your peace of mind.

📈 Attractive finance profit rates
🏦 Zero processing fees",https://x.com/emiratesislamic/status/2047717988195852322,"🇦🇪 تحية تقدير وامتنان لأبطال الوطن
 
تقديراً لإخلاصك وتفانيك في خدمة الوطن، قمنا بتصميم باقة حصرية من المزايا المصرفية لنمنحك راحة البال.
📈 معدلات أرباح مميزة على التمويل https://t.co/DrYnMIk6Zd","🇦🇪 تحية تقدير وامتنان لأبطال الوطن
 
تقديراً لإخلاصك وتفانيك في خدمة الوطن، قمنا بتصميم باقة حصرية من المزايا المصرفية لنمنحك راحة البال.
📈 معدلات أرباح مميزة على التمويل https://t.co/DrYnMIk6Zd","A greeting of appreciation and gratitude to the heroes of the nation

In recognition of your dedication and commitment to serving the nation, we have designed an exclusive package of banking benefits to give you peace of mind. 
Special profit rates on financing",Bank,Positive,2026-04-24 20:43:00,2026-04-24,EI,2. Emirates Islamic Bank (EIB),Special profit rates on financing,Emirates Islamic Bank (EIB),2026,None,2026-04-24 20:43:00,Friday
2047717920193622257,https://x.com/emiratesislamic/status/2047717920193622257,https://x.com/emiratesislamic,emiratesislamic,emiratesislamic,https://pbs.twimg.com/profile_images/1526452318874619904/yJhExjro_bigger.jpg,,"🏦 بدون رسوم إجراءات
⏳ تأجيل الأقساط

🎁 جوائز حصرية مع حساب كنوز المليونير

تطبق الشروط والأحكام.

لمعرفة المزيد، تفضل بزيارة

https://t.co/N2GRIcHWnS

#الإمارات_الإسلامي #أبطال_الوطن","🏦 بدون رسوم إجراءات
⏳ تأجيل الأقساط

🎁 جوائز حصرية مع حساب كنوز المليونير

تطبق الشروط والأحكام.

لمعرفة المزيد، تفضل بزيارة

<a href=""https://www.emiratesislamic.ae/ar/offers/frontline-heroes-offer?utm_source=organic-twitter&amp;utm_medium=social&amp;utm_campaign=front_line"">emiratesislamic.ae/ar/offers…</a>

<a href=""/search?f=tweets&amp;q=%23الإمارات_الإسلامي"">#الإمارات_الإسلامي</a> <a href=""/search?f=tweets&amp;q=%23أبطال_الوطن"">#أبطال_الوطن</a>",False,,,9h,"Apr 24, 2026 · 4:42 PM UTC",2026-04-24 16:42:00,,"['https://www.emiratesislamic.ae/ar/offers/frontline-heroes-offer?utm_source=organic-twitter&utm_medium=social&utm_campaign=front_line', 'https://x.com/search?f=tweets&q=%23الإمارات_الإسلامي', 'https://x.com/search?f=tweets&q=%23أبطال_الوطن']",0,0,0,212,EI,"🏦 بدون رسوم إجراءات
⏳ تأجيل الأقساط

🎁 جوائز حصرية مع حساب كنوز المليونير

تطبق الشروط والأحكام.

لمعرفة المزيد، تفضل بزيارة

emiratesislamic.ae/ar/offers…

#الإمارات_الإسلامي #أبطال_الوطن",https://x.com/emiratesislamic/status/2047717920193622257,"🏦 بدون رسوم إجراءات
⏳ تأجيل الأقساط

🎁 جوائز حصرية مع حساب كنوز المليونير

تطبق الشروط والأحكام.

لمعرفة المزيد، تفضل بزيارة

https://t.co/N2GRIcHWnS

#الإمارات_الإسلامي #أبطال_الوطن","🏦 بدون رسوم إجراءات
⏳ تأجيل الأقساط

🎁 جوائز حصرية مع حساب كنوز المليونير

تطبق الشروط والأحكام.

لمعرفة المزيد، تفضل بزيارة

https://t.co/N2GRIcHWnS

#الإمارات_الإسلامي #أبطال_الوطن","No processing fees  
Installments deferred  

Exclusive rewards with Millionaire Treasures account  

Terms and conditions apply.  

To learn more, please visit  

https://t.co/N2GRIcHWnS  

#EmiratesIslamic #HeroesOfTheNation",Bank,Positive,2026-04-24 20:42:00,2026-04-24,EI,2. Emirates Islamic Bank (EIB),"No processing fees Installments deferred Exclusive rewards with Millionaire Treasures account Terms and conditions apply. • To learn more, please visit https://t.co/N2GRIcHWnS #EmiratesIslamic #HeroesOfTheNation",Emirates Islamic Bank (EIB),2026,None,2026-04-24 20:42:00,Friday
2047717917324710124,https://x.com/emiratesislamic/status/2047717917324710124,https://x.com/emiratesislamic,emiratesislamic,emiratesislamic,https://pbs.twimg.com/profile_images/1526452318874619904/yJhExjro_bigger.jpg,,"🇦🇪 تحية تقدير وامتنان لأبطال الوطن
 
تقديراً لإخلاصك وتفانيك في خدمة الوطن، قمنا بتصميم باقة حصرية من المزايا المصرفية لنمنحك راحة البال.
📈 معدلات أرباح مميزة على التمويل","🇦🇪 تحية تقدير وامتنان لأبطال الوطن
 
تقديراً لإخلاصك وتفانيك في خدمة الوطن، قمنا بتصميم باقة حصرية من المزايا المصرفية لنمنحك راحة البال.
📈 معدلات أرباح مميزة على التمويل",False,,,9h,"Apr 24, 2026 · 4:42 PM UTC",2026-04-24 16:42:00,,,1,0,0,36,EI,"🇦🇪 تحية تقدير وامتنان لأبطال الوطن
 
تقديراً لإخلاصك وتفانيك في خدمة الوطن، قمنا بتصميم باقة حصرية من المزايا المصرفية لنمنحك راحة البال.
📈 معدلات أرباح مميزة على التمويل",,,"🇦🇪 تحية تقدير وامتنان لأبطال الوطن
 
تقديراً لإخلاصك وتفانيك في خدمة الوطن، قمنا بتصميم باقة حصرية من المزايا المصرفية لنمنحك راحة البال.
📈 معدلات أرباح مميزة على التمويل","A greeting of appreciation and gratitude to the heroes of the nation

In recognition of your dedication and commitment to serving the nation, we have designed an exclusive package of banking benefits to give you peace of mind. 
Exceptional profit rates on financing",Bank,Positive,2026-04-24 20:42:00,2026-04-24,EI,2. Emirates Islamic Bank (EIB),Exceptional profit rates on financing,Emirates Islamic Bank (EIB),2026,None,2026-04-24 20:42:00,Friday
2047657988064727443,https://x.com/emiratesislamic/status/2047657988064727443,https://x.com/emiratesislamic,emiratesislamic,emiratesislamic,https://pbs.twimg.com/profile_images/1526452318874619904/yJhExjro_bigger.jpg,,"نقدم لك تجربة مصرفية مميزة مع حساب ALPHA للأبناء، الذي يوفر:
 
📱تطبيق للخدمات المصرفية عبر الهاتف المتحرك مخصص لأبنائك
💳 بطاقة خصم للأبناء
⭐عروض وخصومات حصرية
🎁مكافأة بقيمة 100 درهم بمناسبة يوم ميلاد الأبناء
🏆جوائز نقدية يومية وشهرية
علمهم صغار!
تطبق الشروط والأحكام. https://t.co/j3JLeVQTou","نقدم لك تجربة مصرفية مميزة مع حساب ALPHA للأبناء، الذي يوفر:
 
📱تطبيق للخدمات المصرفية عبر الهاتف المتحرك مخصص لأبنائك
💳 بطاقة خصم للأبناء
⭐عروض وخصومات حصرية
🎁مكافأة بقيمة 100 درهم بمناسبة يوم ميلاد الأبناء
🏆جوائز نقدية يومية وشهرية
علمهم صغار!
تطبق الشروط والأحكام.",False,,,13h,"Apr 24, 2026 · 12:44 PM UTC",2026-04-24 12:44:00,,,0,0,0,60,EI,"نقدم لك تجربة مصرفية مميزة مع حساب ALPHA للأبناء، الذي يوفر:
 
📱تطبيق للخدمات المصرفية عبر الهاتف المتحرك مخصص لأبنائك
💳 بطاقة خصم للأبناء
⭐عروض وخصومات حصرية
🎁مكافأة بقيمة 100 درهم بمناسبة يوم ميلاد الأبناء
🏆جوائز نقدية يومية وشهرية
علمهم صغار!
تطبق الشروط والأحكام.",https://x.com/emiratesislamic/status/2047657988064727443,"نقدم لك تجربة مصرفية مميزة مع حساب ALPHA للأبناء، الذي يوفر:
 
📱تطبيق للخدمات المصرفية عبر الهاتف المتحرك مخصص لأبنائك
💳 بطاقة خصم للأبناء
⭐عروض وخصومات حصرية
🎁مكافأة بقيمة 100 درهم بمناسبة يوم ميلاد الأبناء
🏆جوائز نقدية يومية وشهرية
علمهم صغار!
تطبق الشروط والأحكام. https://t.co/j3JLeVQTou","نقدم لك تجربة مصرفية مميزة مع حساب ALPHA للأبناء، الذي يوفر:
 
📱تطبيق للخدمات المصرفية عبر الهاتف المتحرك مخصص لأبنائك
💳 بطاقة خصم للأبناء
⭐عروض وخصومات حصرية
🎁مكافأة بقيمة 100 درهم بمناسبة يوم ميلاد الأبناء
🏆جوائز نقدية يومية وشهرية
علمهم صغار!
تطبق الشروط والأحكام. https://t.co/j3JLeVQTou","We offer you a unique banking experience with the ALPHA account for children, which provides:

📱 A mobile banking app dedicated to your children
💳 A debit card for children
⭐ Exclusive offers and discounts
🎁 A reward of 100 dirhams on your children's birthday
🏆 Daily and monthly cash prizes
Teach them young!
Terms and conditions apply.",Bank,Positive,2026-04-24 16:44:00,2026-04-24,EI,2. Emirates Islamic Bank (EIB),Terms and conditions apply.,Emirates Islamic Bank (EIB),2026,None,2026-04-24 16:44:00,Friday
2047657974936604881,https://x.com/emiratesislamic/status/2047657974936604881,https://x.com/emiratesislamic,emiratesislamic,emiratesislamic,https://pbs.twimg.com/profile_images/1526452318874619904/yJhExjro_bigger.jpg,,"Terms & condition apply.
To know more, please visit emiratesislamic.ae/en/person…","Terms &amp; condition apply.
To know more, please visit <a href=""https://www.emiratesislamic.ae/en/personal-banking/accounts/savings-account/alpha-youth-account?utm_source=organic-twitter&amp;utm_medium=social&amp;utm_campaign=alpha_youth"">emiratesislamic.ae/en/person…</a>",False,,,13h,"Apr 24, 2026 · 12:44 PM UTC",2026-04-24 12:44:00,,['https://www.emiratesislamic.ae/en/personal-banking/accounts/savings-account/alpha-youth-account?utm_source=organic-twitter&utm_medium=social&utm_campaign=alpha_youth'],0,0,0,20,EI,"Terms & condition apply.
To know more, please visit emiratesislamic.ae/en/person…",,,"Terms & condition apply.
To know more, please visit emiratesislamic.ae/en/person…","Terms and conditions apply. To know more, please visit emiratesislamic.ae/en/person…",Bank,Neutral,2026-04-24 16:44:00,2026-04-24,EI,2. Emirates Islamic Bank (EIB),"To know more, please visit emiratesislamic.ae/en/person… • Terms and conditions apply.",Emirates Islamic Bank (EIB),2026,None,2026-04-24 16:44:00,Friday
2047657972390560162,https://x.com/emiratesislamic/status/2047657972390560162,https://x.com/emiratesislamic,emiratesislamic,emiratesislamic,https://pbs.twimg.com/profile_images/1526452318874619904/yJhExjro_bigger.jpg,,"نقدم لك تجربة مصرفية مميزة مع حساب ALPHA للأبناء، الذي يوفر:
 
📱تطبيق للخدمات المصرفية عبر الهاتف المتحرك مخصص لأبنائك
💳 بطاقة خصم للأبناء
⭐عروض وخصومات حصرية
🎁مكافأة بقيمة 100 درهم بمناسبة يوم ميلاد الأبناء
🏆جوائز نقدية يومية وشهرية
علمهم صغار!
تطبق الشروط والأحكام. https://t.co/PUCOpaLwMF","Introducing the ALPHA Youth Account, a banking experience that offers:
📱 Access to a dedicated mobile app
💳 Complimentary Debit Card for youth
🏆 Daily &amp; monthly cash prizes
🎁 A birthday reward of AED 100 for your child
⭐ Exclusive offers &amp; discounts
Start them young!",False,,,13h,"Apr 24, 2026 · 12:44 PM UTC",2026-04-24 12:44:00,,,1,0,0,47,EI,"Introducing the ALPHA Youth Account, a banking experience that offers:
📱 Access to a dedicated mobile app
💳 Complimentary Debit Card for youth
🏆 Daily & monthly cash prizes
🎁 A birthday reward of AED 100 for your child
⭐ Exclusive offers & discounts
Start them young!",https://x.com/emiratesislamic/status/2047657972390560162,"نقدم لك تجربة مصرفية مميزة مع حساب ALPHA للأبناء، الذي يوفر:
 
📱تطبيق للخدمات المصرفية عبر الهاتف المتحرك مخصص لأبنائك
💳 بطاقة خصم للأبناء
⭐عروض وخصومات حصرية
🎁مكافأة بقيمة 100 درهم بمناسبة يوم ميلاد الأبناء
🏆جوائز نقدية يومية وشهرية
علمهم صغار!
تطبق الشروط والأحكام. https://t.co/PUCOpaLwMF","نقدم لك تجربة مصرفية مميزة مع حساب ALPHA للأبناء، الذي يوفر:
 
📱تطبيق للخدمات المصرفية عبر الهاتف المتحرك مخصص لأبنائك
💳 بطاقة خصم للأبناء
⭐عروض وخصومات حصرية
🎁مكافأة بقيمة 100 درهم بمناسبة يوم ميلاد الأبناء
🏆جوائز نقدية يومية وشهرية
علمهم صغار!
تطبق الشروط والأحكام. https://t.co/PUCOpaLwMF","We offer you a unique banking experience with the ALPHA account for children, which provides:

📱 A mobile banking app dedicated to your children
💳 A debit card for children
⭐ Exclusive offers and discounts
🎁 A reward of 100 dirhams on your children's birthday
🏆 Daily and monthly cash prizes
Teach them young!
Terms and conditions apply.",Bank,Positive,2026-04-24 16:44:00,2026-04-24,EI,2. Emirates Islamic Bank (EIB),Terms and conditions apply.,Emirates Islamic Bank (EIB),2026,None,2026-04-24 16:44:00,Friday
2047657962978558100,https://x.com/emiratesislamic/status/2047657962978558100,https://x.com/emiratesislamic,emiratesislamic,emiratesislamic,https://pbs.twimg.com/profile_images/1526452318874619904/yJhExjro_bigger.jpg,,لمعرفة المزيد، يرجى زيارة emiratesislamic.ae/ar/person…,"لمعرفة المزيد، يرجى زيارة <a href=""https://www.emiratesislamic.ae/ar/personal-banking/accounts/savings-account/alpha-youth-account?utm_source=organic-twitter&amp;utm_medium=social&amp;utm_campaign=alpha_youth"">emiratesislamic.ae/ar/person…</a>",False,,,13h,"Apr 24, 2026 · 12:44 PM UTC",2026-04-24 12:44:00,,['https://www.emiratesislamic.ae/ar/personal-banking/accounts/savings-account/alpha-youth-account?utm_source=organic-twitter&utm_medium=social&utm_campaign=alpha_youth'],1,0,0,2,EI,لمعرفة المزيد، يرجى زيارة emiratesislamic.ae/ar/person…,,,لمعرفة المزيد، يرجى زيارة emiratesislamic.ae/ar/person…,"To learn more, please visit emiratesislamic.ae/ar/person…",Bank,Neutral,2026-04-24 16:44:00,2026-04-24,EI,2. Emirates Islamic Bank (EIB),"To learn more, please visit emiratesislamic.ae/ar/person…",Emirates Islamic Bank (EIB),2026,None,2026-04-24 16:44:00,Friday
2047657960227176876,https://x.com/emiratesislamic/status/2047657960227176876,https://x.com/emiratesislamic,emiratesislamic,emiratesislamic,https://pbs.twimg.com/profile_images/1526452318874619904/yJhExjro_bigger.jpg,,"نقدم لك تجربة مصرفية مميزة مع حساب ALPHA للأبناء، الذي يوفر:
 
📱تطبيق للخدمات المصرفية عبر الهاتف المتحرك مخصص لأبنائك
💳 بطاقة خصم للأبناء
⭐عروض وخصومات حصرية
🎁مكافأة بقيمة 100 درهم بمناسبة يوم ميلاد الأبناء
🏆جوائز نقدية يومية وشهرية
علمهم صغار!
تطبق الشروط والأحكام.","نقدم لك تجربة مصرفية مميزة مع حساب ALPHA للأبناء، الذي يوفر:
 
📱تطبيق للخدمات المصرفية عبر الهاتف المتحرك مخصص لأبنائك
💳 بطاقة خصم للأبناء
⭐عروض وخصومات حصرية
🎁مكافأة بقيمة 100 درهم بمناسبة يوم ميلاد الأبناء
🏆جوائز نقدية يومية وشهرية
علمهم صغار!
تطبق الشروط والأحكام.",False,,,13h,"Apr 24, 2026 · 12:44 PM UTC",2026-04-24 12:44:00,,,1,0,0,48,EI,"نقدم لك تجربة مصرفية مميزة مع حساب ALPHA للأبناء، الذي يوفر:
 
📱تطبيق للخدمات المصرفية عبر الهاتف المتحرك مخصص لأبنائك
💳 بطاقة خصم للأبناء
⭐عروض وخصومات حصرية
🎁مكافأة بقيمة 100 درهم بمناسبة يوم ميلاد الأبناء
🏆جوائز نقدية يومية وشهرية
علمهم صغار!
تطبق الشروط والأحكام.",,,"نقدم لك تجربة مصرفية مميزة مع حساب ALPHA للأبناء، الذي يوفر:
 
📱تطبيق للخدمات المصرفية عبر الهاتف المتحرك مخصص لأبنائك
💳 بطاقة خصم للأبناء
⭐عروض وخصومات حصرية
🎁مكافأة بقيمة 100 درهم بمناسبة يوم ميلاد الأبناء
🏆جوائز نقدية يومية وشهرية
علمهم صغار!
تطبق الشروط والأحكام.","We offer you a unique banking experience with the ALPHA account for children, which provides:

📱 A mobile banking app dedicated to your children
💳 A debit card for children
⭐ Exclusive offers and discounts
🎁 A reward of 100 dirhams on your children's birthday
🏆 Daily and monthly cash prizes
Teach them young!
Terms and conditions apply.",Bank,Positive,2026-04-24 16:44:00,2026-04-24,EI,2. Emirates Islamic Bank (EIB),Terms and conditions apply.,Emirates Islamic Bank (EIB),2026,None,2026-04-24 16:44:00,Friday
2047632173461561410,https://x.com/emiratesislamic/status/2047632173461561410,https://x.com/emiratesislamic,emiratesislamic,emiratesislamic,https://pbs.twimg.com/profile_images/1526452318874619904/yJhExjro_bigger.jpg,,"Transfer your salary now &amp; enjoy rewarding benefits and guaranteed cashback of up to AED 6,000!

Enjoy more rewards:

💳 Exclusive Credit Card benefits, airport lounge access, rewards &amp; more https://t.co/w9nMkMnJJb","🎁 Reward of AED 100 with an ALPHA Youth Account

And much more.

Offer valid till 31 May 2026.

Terms &amp; conditions apply.

<a href=""https://www.emiratesislamic.ae/ar/offers/salary-transfer-cashback?utm_source=organic-twitter&amp;utm_medium=social&amp;utm_campaign=salary_transfer"">emiratesislamic.ae/ar/offers…</a>",False,,,15h,"Apr 24, 2026 · 11:02 AM UTC",2026-04-24 11:02:00,,['https://www.emiratesislamic.ae/ar/offers/salary-transfer-cashback?utm_source=organic-twitter&utm_medium=social&utm_campaign=salary_transfer'],0,0,0,24,EI,"🎁 Reward of AED 100 with an ALPHA Youth Account

And much more.

Offer valid till 31 May 2026.

Terms & conditions apply.

emiratesislamic.ae/ar/offers…",https://x.com/emiratesislamic/status/2047632173461561410,"Transfer your salary now &amp; enjoy rewarding benefits and guaranteed cashback of up to AED 6,000!

Enjoy more rewards:

💳 Exclusive Credit Card benefits, airport lounge access, rewards &amp; more https://t.co/w9nMkMnJJb","Transfer your salary now &amp; enjoy rewarding benefits and guaranteed cashback of up to AED 6,000!

Enjoy more rewards:

💳 Exclusive Credit Card benefits, airport lounge access, rewards &amp; more https://t.co/w9nMkMnJJb","Transfer your salary now and enjoy rewarding benefits and guaranteed cashback of up to AED 6,000! 

Enjoy more rewards:

Exclusive credit card benefits, airport lounge access, rewards, and more.",Bank,Positive,2026-04-24 15:02:00,2026-04-24,EI,2. Emirates Islamic Bank (EIB),"Transfer your salary now and enjoy rewarding benefits and guaranteed cashback of up to AED 6,000! • Enjoy more rewards: Exclusive credit card benefits, airport lounge access, rewards, and more.",Emirates Islamic Bank (EIB),2026,None,2026-04-24 15:02:00,Friday
2047632164863250935,https://x.com/emiratesislamic/status/2047632164863250935,https://x.com/emiratesislamic,emiratesislamic,emiratesislamic,https://pbs.twimg.com/profile_images/1526452318874619904/yJhExjro_bigger.jpg,,"Transfer your salary now & enjoy rewarding benefits and guaranteed cashback of up to AED 6,000!

Enjoy more rewards:

💳 Exclusive Credit Card benefits, airport lounge access, rewards & more","Transfer your salary now &amp; enjoy rewarding benefits and guaranteed cashback of up to AED 6,000!

Enjoy more rewards:

💳 Exclusive Credit Card benefits, airport lounge access, rewards &amp; more",False,,,15h,"Apr 24, 2026 · 11:02 AM UTC",2026-04-24 11:02:00,,,1,0,0,35,EI,"Transfer your salary now & enjoy rewarding benefits and guaranteed cashback of up to AED 6,000!

Enjoy more rewards:

💳 Exclusive Credit Card benefits, airport lounge access, rewards & more",,,"Transfer your salary now & enjoy rewarding benefits and guaranteed cashback of up to AED 6,000!

Enjoy more rewards:

💳 Exclusive Credit Card benefits, airport lounge access, rewards & more","Transfer your salary now and enjoy rewarding benefits and guaranteed cashback of up to AED 6,000! Enjoy more rewards: Exclusive credit card benefits, airport lounge access, rewards, and more.",Bank,Positive,2026-04-24 15:02:00,2026-04-24,EI,2. Emirates Islamic Bank (EIB),"Transfer your salary now and enjoy rewarding benefits and guaranteed cashback of up to AED 6,000! • Enjoy more rewards: Exclusive credit card benefits, airport lounge access, rewards, and more.",Emirates Islamic Bank (EIB),2026,None,2026-04-24 15:02:00,Friday
2047632125583605871,https://x.com/emiratesislamic/status/2047632125583605871,https://x.com/emiratesislamic,emiratesislamic,emiratesislamic,https://pbs.twimg.com/profile_images/1526452318874619904/yJhExjro_bigger.jpg,,"💰 معدلات ربح تنافسية على تمويل السيارات والتمويل السكني
🎁 مكافأة 100 درهم مع حساب ALPHA للأبناء

وغير ذلك الكثير.

يسري العرض لغاية 31 مايو 2026.

تطبق الشروط والأحكام.

emiratesislamic.ae/en/offers…","💰 معدلات ربح تنافسية على تمويل السيارات والتمويل السكني
🎁 مكافأة 100 درهم مع حساب ALPHA للأبناء

وغير ذلك الكثير.

يسري العرض لغاية 31 مايو 2026.

تطبق الشروط والأحكام.

<a href=""https://www.emiratesislamic.ae/en/offers/salary-transfer-cashback?utm_source=organic-twitter&amp;utm_medium=social&amp;utm_campaign=salary_transfer"">emiratesislamic.ae/en/offers…</a>",False,,,15h,"Apr 24, 2026 · 11:01 AM UTC",2026-04-24 11:01:00,,['https://www.emiratesislamic.ae/en/offers/salary-transfer-cashback?utm_source=organic-twitter&utm_medium=social&utm_campaign=salary_transfer'],0,0,0,41,EI,"💰 معدلات ربح تنافسية على تمويل السيارات والتمويل السكني
🎁 مكافأة 100 درهم مع حساب ALPHA للأبناء

وغير ذلك الكثير.

يسري العرض لغاية 31 مايو 2026.

تطبق الشروط والأحكام.

emiratesislamic.ae/en/offers…",,,"💰 معدلات ربح تنافسية على تمويل السيارات والتمويل السكني
🎁 مكافأة 100 درهم مع حساب ALPHA للأبناء

وغير ذلك الكثير.

يسري العرض لغاية 31 مايو 2026.

تطبق الشروط والأحكام.

emiratesislamic.ae/en/offers…","Competitive profit rates on auto financing and housing financing  
A 100 dirham reward with the ALPHA account for children  

And much more.  

The offer is valid until May 31, 2026.  

Terms and conditions apply.  

emiratesislamic.ae/en/offers…",Bank,Positive,2026-04-24 15:01:00,2026-04-24,EI,2. Emirates Islamic Bank (EIB),"Competitive profit rates on auto financing and housing financing A 100 dirham reward with the ALPHA account for children And much more. • The offer is valid until May 31, 2026. • Terms and conditions apply.",Emirates Islamic Bank (EIB),2026,None,2026-04-24 15:01:00,Friday
2047632116649689120,https://x.com/emiratesislamic/status/2047632116649689120,https://x.com/emiratesislamic,emiratesislamic,emiratesislamic,https://pbs.twimg.com/profile_images/1526452318874619904/yJhExjro_bigger.jpg,,"حوّل راتبك الآن و استمتع بمزايا خاصة واكسب استرداداً نقدياً مضموناً يصل إلى 6,000 درهم!

استمتع بالمزيد من المكافآت:
💳 مزايا حصرية على البطاقة الائتمانية والدخول إلى صالات المطارات والمكافآت والمزيد https://t.co/DfoSsbwLQd","حوّل راتبك الآن و استمتع بمزايا خاصة واكسب استرداداً نقدياً مضموناً يصل إلى 6,000 درهم!

استمتع بالمزيد من المكافآت:
💳 مزايا حصرية على البطاقة الائتمانية والدخول إلى صالات المطارات والمكافآت والمزيد",False,,,15h,"Apr 24, 2026 · 11:01 AM UTC",2026-04-24 11:01:00,,,1,0,0,37,EI,"حوّل راتبك الآن و استمتع بمزايا خاصة واكسب استرداداً نقدياً مضموناً يصل إلى 6,000 درهم!

استمتع بالمزيد من المكافآت:
💳 مزايا حصرية على البطاقة الائتمانية والدخول إلى صالات المطارات والمكافآت والمزيد",https://x.com/emiratesislamic/status/2047632116649689120,"حوّل راتبك الآن و استمتع بمزايا خاصة واكسب استرداداً نقدياً مضموناً يصل إلى 6,000 درهم!

استمتع بالمزيد من المكافآت:
💳 مزايا حصرية على البطاقة الائتمانية والدخول إلى صالات المطارات والمكافآت والمزيد https://t.co/DfoSsbwLQd","حوّل راتبك الآن و استمتع بمزايا خاصة واكسب استرداداً نقدياً مضموناً يصل إلى 6,000 درهم!

استمتع بالمزيد من المكافآت:
💳 مزايا حصرية على البطاقة الائتمانية والدخول إلى صالات المطارات والمكافآت والمزيد https://t.co/DfoSsbwLQd","Transfer your salary now and enjoy special benefits and earn guaranteed cash back of up to 6,000 dirhams!

Enjoy more rewards:
💳 Exclusive benefits on the credit card, access to airport lounges, rewards, and more.",Bank,Positive,2026-04-24 15:01:00,2026-04-24,EI,2. Emirates Islamic Bank (EIB),"Transfer your salary now and enjoy special benefits and earn guaranteed cash back of up to 6,000 dirhams! • Enjoy more rewards: 💳 Exclusive benefits on the credit card, access to airport lounges, rewards, and more.",Emirates Islamic Bank (EIB),2026,None,2026-04-24 15:01:00,Friday
2047631643926483032,https://x.com/emiratesislamic/status/2047631643926483032,https://x.com/emiratesislamic,emiratesislamic,emiratesislamic,https://pbs.twimg.com/profile_images/1526452318874619904/yJhExjro_bigger.jpg,,"احصل على iPhone 17 مضمون عند التقدم بطلب تمويل شخصي من الإمارات الإسلامي.

استمتع أيضاً بالمزايا الحصرية:
📊 معدلات ربح تبدأ من %2.59 ثابتة سنوياً (ما يعادل تقريباً %4.74 كمعدل متناقص سنوياً).
🏦 مبلغ تمويلي يصل إلى 4,000,000 درهم https://t.co/eMEYGVmxwY","✈️ تأجيل القسط الأول لمدة تصل إلى 6 شهور
🔒 تغطية تكافلية

يسري العرض لغاية 30 أبريل 2026.

تطبق الشروط والأحكام.

<a href=""https://www.emiratesislamic.ae/ar/offers/get-personal-finance-and-enjoy-iphone17?utm_source=organic-twitter&amp;utm_medium=social&amp;utm_campaign=pf_iphone17"">emiratesislamic.ae/ar/offers…</a>",False,,,15h,"Apr 24, 2026 · 11:00 AM UTC",2026-04-24 11:00:00,,['https://www.emiratesislamic.ae/ar/offers/get-personal-finance-and-enjoy-iphone17?utm_source=organic-twitter&utm_medium=social&utm_campaign=pf_iphone17'],0,0,0,25,EI,"✈️ تأجيل القسط الأول لمدة تصل إلى 6 شهور
🔒 تغطية تكافلية

يسري العرض لغاية 30 أبريل 2026.

تطبق الشروط والأحكام.

emiratesislamic.ae/ar/offers…",https://x.com/emiratesislamic/status/2047631643926483032,"احصل على iPhone 17 مضمون عند التقدم بطلب تمويل شخصي من الإمارات الإسلامي.

استمتع أيضاً بالمزايا الحصرية:
📊 معدلات ربح تبدأ من %2.59 ثابتة سنوياً (ما يعادل تقريباً %4.74 كمعدل متناقص سنوياً).
🏦 مبلغ تمويلي يصل إلى 4,000,000 درهم https://t.co/eMEYGVmxwY","احصل على iPhone 17 مضمون عند التقدم بطلب تمويل شخصي من الإمارات الإسلامي.

استمتع أيضاً بالمزايا الحصرية:
📊 معدلات ربح تبدأ من %2.59 ثابتة سنوياً (ما يعادل تقريباً %4.74 كمعدل متناقص سنوياً).
🏦 مبلغ تمويلي يصل إلى 4,000,000 درهم https://t.co/eMEYGVmxwY","Get a guaranteed iPhone 17 when applying for a personal loan from Emirates Islamic.

Also enjoy exclusive benefits:
📊 Profit rates starting from 2.59% fixed annually (equivalent to approximately 4.74% as a declining annual rate).
🏦 Financing amount up to 4,000,000 AED.",Bank,Positive,2026-04-24 15:00:00,2026-04-24,EI,2. Emirates Islamic Bank (EIB),"Also enjoy exclusive benefits: 📊 Profit rates starting from 2.59% fixed annually (equivalent to approximately 4.74% as a declining annual rate). • 🏦 Financing amount up to 4,000,000 AED. • Get a guaranteed iPhone 17 when applying for a personal loan from Emirates Islamic.",Emirates Islamic Bank (EIB),2026,None,2026-04-24 15:00:00,Friday
2047631643901390924,https://x.com/emiratesislamic/status/2047631643901390924,https://x.com/emiratesislamic,emiratesislamic,emiratesislamic,https://pbs.twimg.com/profile_images/1526452318874619904/yJhExjro_bigger.jpg,,"✈️Payment holiday up to 6 months 
🔒 Complimentary Takaful coverage

Offer valid until 30 April 2026.

T&Cs apply.

emiratesislamic.ae/en/offers…","✈️Payment holiday up to 6 months 
🔒 Complimentary Takaful coverage

Offer valid until 30 April 2026.

T&amp;Cs apply.

<a href=""https://www.emiratesislamic.ae/en/offers/get-personal-finance-and-enjoy-iphone17?utm_source=organic-twitter&amp;utm_medium=social&amp;utm_campaign=pf_iphone17"">emiratesislamic.ae/en/offers…</a>",False,,,15h,"Apr 24, 2026 · 11:00 AM UTC",2026-04-24 11:00:00,,['https://www.emiratesislamic.ae/en/offers/get-personal-finance-and-enjoy-iphone17?utm_source=organic-twitter&utm_medium=social&utm_campaign=pf_iphone17'],0,0,0,19,EI,"✈️Payment holiday up to 6 months 
🔒 Complimentary Takaful coverage

Offer valid until 30 April 2026.

T&Cs apply.

emiratesislamic.ae/en/offers…",,,"✈️Payment holiday up to 6 months 
🔒 Complimentary Takaful coverage

Offer valid until 30 April 2026.

T&Cs apply.

emiratesislamic.ae/en/offers…","Payment holiday up to 6 months  
Complimentary Takaful coverage  

Offer valid until 30 April 2026.  

T&Cs apply.  

emiratesislamic.ae/en/offers…",Bank,Positive,2026-04-24 15:00:00,2026-04-24,EI,2. Emirates Islamic Bank (EIB),Payment holiday up to 6 months Complimentary Takaful coverage Offer valid until 30 April 2026. • emiratesislamic.ae/en/offers…,Emirates Islamic Bank (EIB),2026,None,2026-04-24 15:00:00,Friday
2047631639946093018,https://x.com/emiratesislamic/status/2047631639946093018,https://x.com/emiratesislamic,emiratesislamic,emiratesislamic,https://pbs.twimg.com/profile_images/1526452318874619904/yJhExjro_bigger.jpg,,"احصل على iPhone 17 مضمون عند التقدم بطلب تمويل شخصي من الإمارات الإسلامي.

استمتع أيضاً بالمزايا الحصرية:
📊 معدلات ربح تبدأ من %2.59 ثابتة سنوياً (ما يعادل تقريباً %4.74 كمعدل متناقص سنوياً).
🏦 مبلغ تمويلي يصل إلى 4,000,000 درهم","احصل على iPhone 17 مضمون عند التقدم بطلب تمويل شخصي من الإمارات الإسلامي.

استمتع أيضاً بالمزايا الحصرية:
📊 معدلات ربح تبدأ من %2.59 ثابتة سنوياً (ما يعادل تقريباً %4.74 كمعدل متناقص سنوياً).
🏦 مبلغ تمويلي يصل إلى 4,000,000 درهم",False,,,15h,"Apr 24, 2026 · 11:00 AM UTC",2026-04-24 11:00:00,,,1,0,0,41,EI,"احصل على iPhone 17 مضمون عند التقدم بطلب تمويل شخصي من الإمارات الإسلامي.

استمتع أيضاً بالمزايا الحصرية:
📊 معدلات ربح تبدأ من %2.59 ثابتة سنوياً (ما يعادل تقريباً %4.74 كمعدل متناقص سنوياً).
🏦 مبلغ تمويلي يصل إلى 4,000,000 درهم",,,"احصل على iPhone 17 مضمون عند التقدم بطلب تمويل شخصي من الإمارات الإسلامي.

استمتع أيضاً بالمزايا الحصرية:
📊 معدلات ربح تبدأ من %2.59 ثابتة سنوياً (ما يعادل تقريباً %4.74 كمعدل متناقص سنوياً).
🏦 مبلغ تمويلي يصل إلى 4,000,000 درهم","Get a guaranteed iPhone 17 when applying for a personal loan from Emirates Islamic.

Also enjoy exclusive benefits:
📊 Profit rates starting from 2.59% fixed annually (equivalent to approximately 4.74% as a declining annual rate).
🏦 Financing amount up to 4,000,000 AED.",Bank,Positive,2026-04-24 15:00:00,2026-04-24,EI,2. Emirates Islamic Bank (EIB),"Also enjoy exclusive benefits: 📊 Profit rates starting from 2.59% fixed annually (equivalent to approximately 4.74% as a declining annual rate). • 🏦 Financing amount up to 4,000,000 AED. • Get a guaranteed iPhone 17 when applying for a personal loan from Emirates Islamic.",Emirates Islamic Bank (EIB),2026,None,2026-04-24 15:00:00,Friday
2047541045768962304,https://x.com/emiratesislamic/status/2047541045768962304,https://x.com/emiratesislamic,emiratesislamic,emiratesislamic,https://pbs.twimg.com/profile_images/1526452318874619904/yJhExjro_bigger.jpg,,"Together, we raise the flag with pride, celebrating the UAE and its enduring values 🇦🇪
Across our branches, staff and customers came together in a patriotic atmosphere that embodied unity, belonging, and a deep sense of pride in the nation.

#ProudOfUAE","Together, we raise the flag with pride, celebrating the UAE and its enduring values 🇦🇪
Across our branches, staff and customers came together in a patriotic atmosphere that embodied unity, belonging, and a deep sense of pride in the nation.

<a href=""/search?f=tweets&amp;q=%23ProudOfUAE"">#ProudOfUAE</a>",False,,,21h,"Apr 24, 2026 · 5:00 AM UTC",2026-04-24 05:00:00,,['https://x.com/search?f=tweets&q=%23ProudOfUAE'],0,0,0,49,EI,"Together, we raise the flag with pride, celebrating the UAE and its enduring values 🇦🇪
Across our branches, staff and customers came together in a patriotic atmosphere that embodied unity, belonging, and a deep sense of pride in the nation.

#ProudOfUAE",,,"Together, we raise the flag with pride, celebrating the UAE and its enduring values 🇦🇪
Across our branches, staff and customers came together in a patriotic atmosphere that embodied unity, belonging, and a deep sense of pride in the nation.

#ProudOfUAE","Together, we raise the flag with pride, celebrating the UAE and its enduring values. Across our branches, staff and customers came together in a patriotic atmosphere that embodied unity, belonging, and a deep sense of pride in the nation.",Bank,Neutral,2026-04-24 09:00:00,2026-04-24,EI,2. Emirates Islamic Bank (EIB),"Across our branches, staff and customers came together in a patriotic atmosphere that embodied unity, belonging, and a deep sense of pride in the nation. • Together, we raise the flag with pride, celebrating the UAE and its enduring values.",Emirates Islamic Bank (EIB),2026,None,2026-04-24 09:00:00,Friday
2047541041612427486,https://x.com/emiratesislamic/status/2047541041612427486,https://x.com/emiratesislamic,emiratesislamic,emiratesislamic,https://pbs.twimg.com/profile_images/1526452318874619904/yJhExjro_bigger.jpg,,"معًا، نُعلي راية الفخر احتفاءً بالإمارات وقيمها الراسخة 🇦🇪

من قلب فروعنا، اجتمع الموظفون والعملاء في أجواء وطنية جسّدت روح الانتماء والوحدة، وعكست مشاعر الفخر بالوطن.

#فخورين_بالإمارات https://t.co/b3HOjAP5Rw","معًا، نُعلي راية الفخر احتفاءً بالإمارات وقيمها الراسخة 🇦🇪

من قلب فروعنا، اجتمع الموظفون والعملاء في أجواء وطنية جسّدت روح الانتماء والوحدة، وعكست مشاعر الفخر بالوطن.

<a href=""/search?f=tweets&amp;q=%23فخورين_بالإمارات"">#فخورين_بالإمارات</a>",False,,,21h,"Apr 24, 2026 · 5:00 AM UTC",2026-04-24 05:00:00,,['https://x.com/search?f=tweets&q=%23فخورين_بالإمارات'],1,0,3,207,EI,"معًا، نُعلي راية الفخر احتفاءً بالإمارات وقيمها الراسخة 🇦🇪

من قلب فروعنا، اجتمع الموظفون والعملاء في أجواء وطنية جسّدت روح الانتماء والوحدة، وعكست مشاعر الفخر بالوطن.

#فخورين_بالإمارات",https://x.com/emiratesislamic/status/2047541041612427486,"معًا، نُعلي راية الفخر احتفاءً بالإمارات وقيمها الراسخة 🇦🇪

من قلب فروعنا، اجتمع الموظفون والعملاء في أجواء وطنية جسّدت روح الانتماء والوحدة، وعكست مشاعر الفخر بالوطن.

#فخورين_بالإمارات https://t.co/b3HOjAP5Rw","معًا، نُعلي راية الفخر احتفاءً بالإمارات وقيمها الراسخة 🇦🇪

من قلب فروعنا، اجتمع الموظفون والعملاء في أجواء وطنية جسّدت روح الانتماء والوحدة، وعكست مشاعر الفخر بالوطن.

#فخورين_بالإمارات https://t.co/b3HOjAP5Rw","Together, we raise the flag of pride in celebration of the UAE and its enduring values 🇦🇪

From the heart of our branches, employees and customers gathered in a national atmosphere that embodied the spirit of belonging and unity, reflecting feelings of pride in the homeland.

#Proud_of_the_UAE",Bank,Neutral,2026-04-24 09:00:00,2026-04-24,EI,2. Emirates Islamic Bank (EIB),"Together, we raise the flag of pride in celebration of the UAE and its enduring values 🇦🇪 From the heart of our branches…",Emirates Islamic Bank (EIB),2026,None,2026-04-24 09:00:00,Friday
2047725724354633861,https://x.com/RakshtVaghasiya/status/2047725724354633861,https://x.com/RakshtVaghasiya,RakshtVaghasiya,Rakshit Vaghasiya,https://pbs.twimg.com/profile_images/2030191909399105536/cFPhY9vR_bigger.jpg,,"@EmiratesNBD_KSA 
I raised mail to customer care regarding flight amount deduction descripancy twice but didn't hear from Emirates NBD. This is not acceptable at all. I am very much disappointed with customer care service of Emirates NBD. Zero star.",Same reply every time but no concrete solutions. Just a pathetic approach..,False,,['EmiratesNBD_KSA'],9h,"Apr 24, 2026 · 5:13 PM UTC",2026-04-24 17:13:00,,,1,0,0,5,ENBD,Same reply every time but no concrete solutions. Just a pathetic approach..,https://x.com/RakshtVaghasiya/status/2047725724354633861,"@EmiratesNBD_KSA 
I raised mail to customer care regarding flight amount deduction descripancy twice but didn't hear from Emirates NBD. This is not acceptable at all. I am very much disappointed with customer care service of Emirates NBD. Zero star.","@EmiratesNBD_KSA 
I raised mail to customer care regarding flight amount deduction descripancy twice but didn't hear from Emirates NBD. This is not acceptable at all. I am very much disappointed with customer care service of Emirates NBD. Zero star.",I raised a mail to customer care regarding the flight amount deduction discrepancy twice but didn't hear from Emirates NBD. This is not acceptable at all. I am very disappointed with the customer care service of Emirates NBD. Zero stars.,Cust,Negative,2026-04-24 21:13:00,2026-04-24,ENBD,1. Emirates NBD Bank (ENBD),I raised a mail to customer care regarding the flight amount deduction discrepancy twice but didn't hear from Emirates NBD. • I am very disappointed with the customer care service of Emirates NBD. • This is not acceptable at all.,Emirates NBD Bank (ENBD),2026,EmiratesNBD_KSA,2026-04-24 21:13:00,Friday
2047511223839908158,https://x.com/abhiseksonusonu/status/2047511223839908158,https://x.com/abhiseksonusonu,abhiseksonusonu,A R mishra,https://pbs.twimg.com/profile_images/1912019334932611072/h2qIgZ-L_bigger.jpg,,"@LivBank @EmiratesNBD_AE I deposited cash via ENBD ATM toward my credit card on 21st April but amount got stuck. Complaint already raised, yet the amount is still not credited. My due date is this Monday. Request urgent resolution and credit of funds.","<a href=""/LivBank"" title=""Liv Digital Bank"">@LivBank</a> <a href=""/EmiratesNBD_AE"" title=""Emirates NBD"">@EmiratesNBD_AE</a> I deposited cash via ENBD ATM toward my credit card on 21st April but amount got stuck. Complaint already raised, yet the amount is still not credited. My due date is this Monday. Request urgent resolution and credit of funds.",False,,,23h,"Apr 24, 2026 · 3:01 AM UTC",2026-04-24 03:01:00,,"['https://x.com/LivBank', 'https://x.com/EmiratesNBD_AE']",1,0,0,65,ENBD,"@LivBank @EmiratesNBD_AE I deposited cash via ENBD ATM toward my credit card on 21st April but amount got stuck. Complaint already raised, yet the amount is still not credited. My due date is this Monday. Request urgent resolution and credit of funds.",https://x.com/abhiseksonusonu/status/2047511223839908158,"@LivBank @EmiratesNBD_AE I deposited cash via ENBD ATM toward my credit card on 21st April but amount got stuck. Complaint already raised, yet the amount is still not credited. My due date is this Monday. Request urgent resolution and credit of funds.","@LivBank @EmiratesNBD_AE I deposited cash via ENBD ATM toward my credit card on 21st April but amount got stuck. Complaint already raised, yet the amount is still not credited. My due date is this Monday. Request urgent resolution and credit of funds.","I deposited cash via ENBD ATM toward my credit card on April 21, but the amount got stuck. A complaint has already been raised, yet the amount is still not credited. My due date is this Monday. I request an urgent resolution and credit of funds.",Cust,Negative,2026-04-24 07:01:00,2026-04-24,ENBD,1. Emirates NBD Bank (ENBD),"I deposited cash via ENBD ATM toward my credit card on April 21, but the amount got stuck. • A complaint has already been raised, yet the amount is still not credited. • I request an urgent resolution and credit of funds.",Emirates NBD Bank (ENBD),2026,None,2026-04-24 07:01:00,Friday
2047556140511162463,https://x.com/emiratesislamic/status/2047556140511162463,https://x.com/emiratesislamic,emiratesislamic,emiratesislamic,https://pbs.twimg.com/profile_images/1526452318874619904/yJhExjro_bigger.jpg,,"عليك غرامة لم تُسدّد بعد – اضغط هنا

لا تقع في الفخ. احذر الاحتيال.

#متحّدون_ضد_الاحتيال مع الإمارات الإسلامي.

https://t.co/ltnxcRlBOA","عليك غرامة لم تُسدّد بعد – اضغط هنا

لا تقع في الفخ. احذر الاحتيال.

<a href=""/search?f=tweets&amp;q=%23متحّدون_ضد_الاحتيال"">#متحّدون_ضد_الاحتيال</a> مع الإمارات الإسلامي.

<a href=""https://www.emiratesislamic.ae/ar/personal-banking/ways-to-bank/security"">emiratesislamic.ae/ar/person…</a>",False,,,20h,"Apr 24, 2026 · 6:00 AM UTC",2026-04-24 06:00:00,,"['https://x.com/search?f=tweets&q=%23متحّدون_ضد_الاحتيال', 'https://www.emiratesislamic.ae/ar/personal-banking/ways-to-bank/security']",0,0,0,59,EI,"عليك غرامة لم تُسدّد بعد – اضغط هنا

لا تقع في الفخ. احذر الاحتيال.

#متحّدون_ضد_الاحتيال مع الإمارات الإسلامي.

emiratesislamic.ae/ar/person…",https://x.com/emiratesislamic/status/2047556140511162463,"عليك غرامة لم تُسدّد بعد – اضغط هنا

لا تقع في الفخ. احذر الاحتيال.

#متحّدون_ضد_الاحتيال مع الإمارات الإسلامي.

https://t.co/ltnxcRlBOA","عليك غرامة لم تُسدّد بعد – اضغط هنا

لا تقع في الفخ. احذر الاحتيال.

#متحّدون_ضد_الاحتيال مع الإمارات الإسلامي.

https://t.co/ltnxcRlBOA","You have an unpaid fine - click here

Don't fall into the trap. Beware of fraud.

#United_Against_Fraud with Emirates Islamic.",Bank,Negative,2026-04-24 10:00:00,2026-04-24,EI,2. Emirates Islamic Bank (EIB),You have an unpaid fine - click here Don't fall into the trap. • #United_Against_Fraud with Emirates Islamic.,Emirates Islamic Bank (EIB),2026,None,2026-04-24 10:00:00,Friday
2047671039249846621,https://x.com/i_rh9590/status/2047671039249846621,https://x.com/i_rh9590,i_rh9590,رغد الحربي,https://pbs.twimg.com/profile_images/1739034755394334722/UaY05npO_bigger.jpg,,عندي مشكلة في البطاقة و احاول اسحب منها يطلع ( خطأ في النظام ) مع العلم يوجد بها رصيد ، و خدمة العملاء عندكم للاسف مافي اي تعاون .,عندي مشكلة في البطاقة و احاول اسحب منها يطلع ( خطأ في النظام ) مع العلم يوجد بها رصيد ، و خدمة العملاء عندكم للاسف مافي اي تعاون .,False,,['EmiratesNBD_KSA'],12h,"Apr 24, 2026 · 1:36 PM UTC",2026-04-24 13:36:00,,,1,0,0,8,ENBD,عندي مشكلة في البطاقة و احاول اسحب منها يطلع ( خطأ في النظام ) مع العلم يوجد بها رصيد ، و خدمة العملاء عندكم للاسف مافي اي تعاون .,,,عندي مشكلة في البطاقة و احاول اسحب منها يطلع ( خطأ في النظام ) مع العلم يوجد بها رصيد ، و خدمة العملاء عندكم للاسف مافي اي تعاون .,"I have a problem with my card and when I try to withdraw from it, it says (system error) even though there is a balance. Unfortunately, your customer service is not cooperative at all.",Cust,Negative,2026-04-24 17:36:00,2026-04-24,ENBD,1. Emirates NBD Bank (ENBD),"I have a problem with my card and when I try to withdraw from it, it says (system error) even though there is a balance. • Unfortunately, your customer service is not cooperative at all.",Emirates NBD Bank (ENBD),2026,EmiratesNBD_KSA,2026-04-24 17:36:00,Friday
2047629586435817682,https://x.com/ren_fernz/status/2047629586435817682,https://x.com/ren_fernz,ren_fernz,Ren,https://pbs.twimg.com/profile_images/1840857882364940288/r858YoNc_bigger.jpg,,As I was late to university I thought just downloading and then going through so I just opened and saw that I have been charged on JAN and Feb and so I contacted ENBD CS again and asked them to revert the previous charges and they told me they can only remove for April which,As I was late to university I thought just downloading and then going through so I just opened and saw that I have been charged on JAN and Feb and so I contacted ENBD CS again and asked them to revert the previous charges and they told me they can only remove for April which,False,,,15h,"Apr 24, 2026 · 10:51 AM UTC",2026-04-24 10:51:00,,,1,0,0,11,ENBD,As I was late to university I thought just downloading and then going through so I just opened and saw that I have been charged on JAN and Feb and so I contacted ENBD CS again and asked them to revert the previous charges and they told me they can only remove for April which,,,As I was late to university I thought just downloading and then going through so I just opened and saw that I have been charged on JAN and Feb and so I contacted ENBD CS again and asked them to revert the previous charges and they told me they can only remove for April which,"As I was late to university, I thought I would just download and go through it, so I opened it and saw that I had been charged in January and February. I contacted ENBD customer service again and asked them to reverse the previous charges, and they told me they could only remove the charges for April.",Cust,Negative,2026-04-24 14:51:00,2026-04-24,ENBD,1. Emirates NBD Bank (ENBD),"I contacted ENBD customer service again and asked them to reverse the previous charges, and they told me they could only remove the charges for April. • As I was late to university, I thought I would just download and go through it, so I opened it and saw that I had been charged in January and February.",Emirates NBD Bank (ENBD),2026,None,2026-04-24 14:51:00,Friday
