id,permalink,userUrl,author_name,fullname,avatar,verified,text,html,isRetweet,retweetedBy,replyingTo,relativeTime,displayTime,createdAt,images,links,comments,retweets,likes,Views,bank_ext,text_1,postUrl,replyText,text_v1,post,posttype,Sentiment,uae_time,ddmmyyyy
2043506392443793649,https://x.com/marketsday/status/2043506392443793649,https://x.com/marketsday,marketsday,Markets Today,https://pbs.twimg.com/profile_images/2008838684003680257/bJXC4_cU_bigger.jpg,,"Corporate Action: Emirates NBD Acquisition of RBL Bank

🔹 RBL Bank has officially received RBI approval for Emirates NBD Bank to launch an open offer to acquire a 26% stake in the company.

🔹 The Open Offer Price is set at ₹280 per share, providing a specific valuation benchmark for the upcoming transaction.

🔹 RBI Stipulations require RBL Bank to apply Wholly Owned Subsidiary (WOS) mode governance directions and amend its Articles of Association.

🔹 Shareholder Approval via a special resolution will be necessary to implement these governance changes and move the deal forward.

🔹 The Investment Agreement has been amended to reflect the Acquirer’s right to nominate non-independent directors to the board.

🔹 Governance Shifts: The transition to WOS-style governance signals a tighter regulatory oversight and alignment with international banking standards.

🔹 Market Impact: This move is expected to bolster RBL Bank's capital base and provide a strategic global partner in Emirates NBD.

#RBLBank #EmiratesNBD #BankingNews #M&A #RBI #StockMarketIndia #OpenOffer

Disclaimer :
All content provided is intended solely for educational and informational purposes and does not constitute financial advice. Investors are strongly encouraged to assess their individual risk tolerance, investment objectives, and overall financial situation before making any investment decisions. For personalized guidance, please consult a certified financial advisor. While every effort has been made to ensure accuracy, any inadvertent errors or omissions are regretted.","Corporate Action: Emirates NBD Acquisition of RBL Bank

🔹 RBL Bank has officially received RBI approval for Emirates NBD Bank to launch an open offer to acquire a 26% stake in the company.

🔹 The Open Offer Price is set at ₹280 per share, providing a specific valuation benchmark for the upcoming transaction.

🔹 RBI Stipulations require RBL Bank to apply Wholly Owned Subsidiary (WOS) mode governance directions and amend its Articles of Association.

🔹 Shareholder Approval via a special resolution will be necessary to implement these governance changes and move the deal forward.

🔹 The Investment Agreement has been amended to reflect the Acquirer’s right to nominate non-independent directors to the board.

🔹 Governance Shifts: The transition to WOS-style governance signals a tighter regulatory oversight and alignment with international banking standards.

🔹 Market Impact: This move is expected to bolster RBL Bank&#39;s capital base and provide a strategic global partner in Emirates NBD.

<a href=""/search?f=tweets&amp;q=%23RBLBank"">#RBLBank</a> <a href=""/search?f=tweets&amp;q=%23EmiratesNBD"">#EmiratesNBD</a> <a href=""/search?f=tweets&amp;q=%23BankingNews"">#BankingNews</a> <a href=""/search?f=tweets&amp;q=%23M"">#M</a>&amp;A <a href=""/search?f=tweets&amp;q=%23RBI"">#RBI</a> <a href=""/search?f=tweets&amp;q=%23StockMarketIndia"">#StockMarketIndia</a> <a href=""/search?f=tweets&amp;q=%23OpenOffer"">#OpenOffer</a>

Disclaimer :
All content provided is intended solely for educational and informational purposes and does not constitute financial advice. Investors are strongly encouraged to assess their individual risk tolerance, investment objectives, and overall financial situation before making any investment decisions. For personalized guidance, please consult a certified financial advisor. While every effort has been made to ensure accuracy, any inadvertent errors or omissions are regretted.",False,,,58m,"Apr 13, 2026 · 1:47 AM UTC",2026-04-13 01:47:00+00:00,,"['https://x.com/search?f=tweets&q=%23RBLBank', 'https://x.com/search?f=tweets&q=%23EmiratesNBD', 'https://x.com/search?f=tweets&q=%23BankingNews', 'https://x.com/search?f=tweets&q=%23M', 'https://x.com/search?f=tweets&q=%23RBI', 'https://x.com/search?f=tweets&q=%23StockMarketIndia', 'https://x.com/search?f=tweets&q=%23OpenOffer']",0,0,0,84,ENBD,"Corporate Action: Emirates NBD Acquisition of RBL Bank

🔹 RBL Bank has officially received RBI approval for Emirates NBD Bank to launch an open offer to acquire a 26% stake in the company.

🔹 The Open Offer Price is set at ₹280 per share, providing a specific valuation benchmark for the upcoming transaction.

🔹 RBI Stipulations require RBL Bank to apply Wholly Owned Subsidiary (WOS) mode governance directions and amend its Articles of Association.

🔹 Shareholder Approval via a special resolution will be necessary to implement these governance changes and move the deal forward.

🔹 The Investment Agreement has been amended to reflect the Acquirer’s right to nominate non-independent directors to the board.

🔹 Governance Shifts: The transition to WOS-style governance signals a tighter regulatory oversight and alignment with international banking standards.

🔹 Market Impact: This move is expected to bolster RBL Bank's capital base and provide a strategic global partner in Emirates NBD.

#RBLBank #EmiratesNBD #BankingNews #M&A #RBI #StockMarketIndia #OpenOffer

Disclaimer :
All content provided is intended solely for educational and informational purposes and does not constitute financial advice. Investors are strongly encouraged to assess their individual risk tolerance, investment objectives, and overall financial situation before making any investment decisions. For personalized guidance, please consult a certified financial advisor. While every effort has been made to ensure accuracy, any inadvertent errors or omissions are regretted.",https://x.com/marketsday/status/2043506392443793649,"Corporate Action: Emirates NBD Acquisition of RBL Bank

🔹 RBL Bank has officially received RBI approval for Emirates NBD Bank to launch an open offer to acquire a 26% stake in the company.

🔹 The Open Offer Price is set at ₹280 per share, providing a specific valuation benchmark for the upcoming transaction.

🔹 RBI Stipulations require RBL Bank to apply Wholly Owned Subsidiary (WOS) mode governance directions and amend its Articles of Association.

🔹 Shareholder Approval via a special resolution will be necessary to implement these governance changes and move the deal forward.

🔹 The Investment Agreement has been amended to reflect the Acquirer’s right to nominate non-independent directors to the board.

🔹 Governance Shifts: The transition to WOS-style governance signals a tighter regulatory oversight and alignment with international banking standards.

🔹 Market Impact: This move is expected to bolster RBL Bank's capital base and provide a strategic global partner in Emirates NBD.

#RBLBank #EmiratesNBD #BankingNews #M&A #RBI #StockMarketIndia #OpenOffer

Disclaimer :
All content provided is intended solely for educational and informational purposes and does not constitute financial advice. Investors are strongly encouraged to assess their individual risk tolerance, investment objectives, and overall financial situation before making any investment decisions. For personalized guidance, please consult a certified financial advisor. While every effort has been made to ensure accuracy, any inadvertent errors or omissions are regretted.","Corporate Action: Emirates NBD Acquisition of RBL Bank

🔹 RBL Bank has officially received RBI approval for Emirates NBD Bank to launch an open offer to acquire a 26% stake in the company.

🔹 The Open Offer Price is set at ₹280 per share, providing a specific valuation benchmark for the upcoming transaction.

🔹 RBI Stipulations require RBL Bank to apply Wholly Owned Subsidiary (WOS) mode governance directions and amend its Articles of Association.

🔹 Shareholder Approval via a special resolution will be necessary to implement these governance changes and move the deal forward.

🔹 The Investment Agreement has been amended to reflect the Acquirer’s right to nominate non-independent directors to the board.

🔹 Governance Shifts: The transition to WOS-style governance signals a tighter regulatory oversight and alignment with international banking standards.

🔹 Market Impact: This move is expected to bolster RBL Bank's capital base and provide a strategic global partner in Emirates NBD.

#RBLBank #EmiratesNBD #BankingNews #M&A #RBI #StockMarketIndia #OpenOffer

Disclaimer :
All content provided is intended solely for educational and informational purposes and does not constitute financial advice. Investors are strongly encouraged to assess their individual risk tolerance, investment objectives, and overall financial situation before making any investment decisions. For personalized guidance, please consult a certified financial advisor. While every effort has been made to ensure accuracy, any inadvertent errors or omissions are regretted.","Corporate Action: Emirates NBD Acquisition of RBL Bank

RBL Bank has officially received RBI approval for Emirates NBD Bank to launch an open offer to acquire a 26% stake in the company.

The Open Offer Price is set at ₹280 per share, providing a specific valuation benchmark for the upcoming transaction.

RBI Stipulations require RBL Bank to apply Wholly Owned Subsidiary (WOS) mode governance directions and amend its Articles of Association.

Shareholder Approval via a special resolution will be necessary to implement these governance changes and move the deal forward.

The Investment Agreement has been amended to reflect the Acquirer’s right to nominate non-independent directors to the board.

Governance Shifts: The transition to WOS-style governance signals a tighter regulatory oversight and alignment with international banking standards.

Market Impact: This move is expected to bolster RBL Bank's capital base and provide a strategic global partner in Emirates NBD.

Disclaimer:
All content provided is intended solely for educational and informational purposes and does not constitute financial advice. Investors are strongly encouraged to assess their individual risk tolerance, investment objectives, and overall financial situation before making any investment decisions. For personalized guidance, please consult a certified financial advisor. While every effort has been made to ensure accuracy, any inadvertent errors or omissions are regretted.",Cust,Neutral,2026-04-13 05:47:00+04:00,2026-04-13
2043465216571080917,https://x.com/LeaderOkkes/status/2043465216571080917,https://x.com/LeaderOkkes,LeaderOkkes,THE REAL KING OF THE WORLD: ÖKKEŞ ŞAHİN,https://pbs.twimg.com/profile_images/2035156091634380800/0oGW-_Z4_bigger.jpg,,MY RELAXATION CORNER AT HOME. @LeaderOkkes @RoyalFamily @MonarchieBe @koninklijkhuis @KensingtonRoyal @KingSalman @DefensieMin @GiorgiaMeloni @PrimeministerGR @wef @wto @IMFNews @Davos @MarkJCarney @EmmanuelMacron @LulaOficial @JMilei @Jaemyung_Lee @scotgov @SwissGov @elonmusk https://t.co/IL54fs1InC,"LOOK AT. I’M KING OF THE WORLD. <a href=""/LeaderOkkes"" title=""THE REAL KING OF THE WORLD: ÖKKEŞ ŞAHİN"">@LeaderOkkes</a> <a href=""/airasia_indo"" title=""AirAsia Indonesia"">@airasia_indo</a> <a href=""/CebuPacificAir"" title=""Cebu Pacific Air"">@CebuPacificAir</a> <a href=""/airasia"" title=""AirAsia"">@airasia</a> <a href=""/usairforce"" title=""U.S. Air Force"">@usairforce</a> <a href=""/airtelindia"" title=""airtel India"">@airtelindia</a> <a href=""/qatarairways"" title=""Qatar Airways"">@qatarairways</a> <a href=""/British_Airways"" title=""British Airways"">@British_Airways</a> <a href=""/KenyaAirways"" title=""Official Kenya Airways"">@KenyaAirways</a> <a href=""/etihad"" title=""Etihad Airways"">@etihad</a> <a href=""/flysaa"" title=""SAA - South African Airways"">@flysaa</a> <a href=""/KuwaitAirways"" title=""Kuwait Airways"">@KuwaitAirways</a> <a href=""/EmiratesNBD_AE"" title=""Emirates NBD"">@EmiratesNBD_AE</a> <a href=""/emirates"" title=""Emirates"">@emirates</a> <a href=""/AmericanAir"" title=""americanair"">@AmericanAir</a> <a href=""/AirCanada"" title=""Air Canada"">@AirCanada</a> <a href=""/airserbia"" title=""Air Serbia"">@airserbia</a> <a href=""/SaudiAirlinesEn"" title=""Saudia"">@SaudiAirlinesEn</a> <a href=""/BritishArmy"" title=""British Army 🇬🇧"">@BritishArmy</a>",False,,"['LeaderOkkes', 'lemondefr', 'TheEconomist', 'takaichi_sanae', 'folha', 'bankofengland', 'OPRArgentina', 'presidencia_BR', 'LulaOficial', 'ChathamHouse', 'chrisluxonmp', 'ParmelinG', 'netanyahu', 'iaeaorg', 'Defensie', 'DefenceHQ', 'FCDOGovUK', 'MofaJapan_jp', 'SwissMFA', 'DanishMFA', 'BentleyMotors', 'RollsRoyce', 'F1', 'AstonMartinF1', 'astonmartin', 'spagov', 'Reuters', 'NatGeo', 'nvidia', 'amazon', 'Apple', 'aramco']",3h,"Apr 12, 2026 · 11:04 PM UTC",2026-04-12 23:04:00+00:00,,"['https://x.com/LeaderOkkes', 'https://x.com/airasia_indo', 'https://x.com/CebuPacificAir', 'https://x.com/airasia', 'https://x.com/usairforce', 'https://x.com/airtelindia', 'https://x.com/qatarairways', 'https://x.com/British_Airways', 'https://x.com/KenyaAirways', 'https://x.com/etihad', 'https://x.com/flysaa', 'https://x.com/KuwaitAirways', 'https://x.com/EmiratesNBD_AE', 'https://x.com/emirates', 'https://x.com/AmericanAir', 'https://x.com/AirCanada', 'https://x.com/airserbia', 'https://x.com/SaudiAirlinesEn', 'https://x.com/BritishArmy']",1,0,1,98,ENBD,LOOK AT. I’M KING OF THE WORLD. @LeaderOkkes @airasia_indo @CebuPacificAir @airasia @usairforce @airtelindia @qatarairways @British_Airways @KenyaAirways @etihad @flysaa @KuwaitAirways @EmiratesNBD_AE @emirates @AmericanAir @AirCanada @airserbia @SaudiAirlinesEn @BritishArmy,https://x.com/LeaderOkkes/status/2043465216571080917,MY RELAXATION CORNER AT HOME. @LeaderOkkes @RoyalFamily @MonarchieBe @koninklijkhuis @KensingtonRoyal @KingSalman @DefensieMin @GiorgiaMeloni @PrimeministerGR @wef @wto @IMFNews @Davos @MarkJCarney @EmmanuelMacron @LulaOficial @JMilei @Jaemyung_Lee @scotgov @SwissGov @elonmusk https://t.co/IL54fs1InC,MY RELAXATION CORNER AT HOME. @LeaderOkkes @RoyalFamily @MonarchieBe @koninklijkhuis @KensingtonRoyal @KingSalman @DefensieMin @GiorgiaMeloni @PrimeministerGR @wef @wto @IMFNews @Davos @MarkJCarney @EmmanuelMacron @LulaOficial @JMilei @Jaemyung_Lee @scotgov @SwissGov @elonmusk https://t.co/IL54fs1InC,MY RELAXATION CORNER AT HOME.,Cust,Neutral,2026-04-13 03:04:00+04:00,2026-04-13
2043423727770071236,https://x.com/khaled70016074/status/2043423727770071236,https://x.com/khaled70016074,khaled70016074,مستكن,https://pbs.twimg.com/abs.twimg.com/sticky/default_profile_images/default_profile_bigger.png,,"عيش التجربة، برفاهية متكاملة ✨
مع مزايا بطاقة إنفنيت الائتمانية من #بنك_الإمارات_دبي_الوطني",اخذتو معلوماتي وبلغتوني بيتواصل معي احد ورفعتو طلب وللحين محد تواصل وطبعا السيناريو من رمضان هذا معكم ،، عشان تعرفون اني فعلا مستاء من الخدمة والبنك كامل!,False,,"['khaled70016074', 'EmiratesNBD_KSA']",6h,"Apr 12, 2026 · 8:19 PM UTC",2026-04-12 20:19:00+00:00,,,0,0,0,11,ENBD,اخذتو معلوماتي وبلغتوني بيتواصل معي احد ورفعتو طلب وللحين محد تواصل وطبعا السيناريو من رمضان هذا معكم ،، عشان تعرفون اني فعلا مستاء من الخدمة والبنك كامل!,https://x.com/khaled70016074/status/2043423727770071236,"عيش التجربة، برفاهية متكاملة ✨
مع مزايا بطاقة إنفنيت الائتمانية من #بنك_الإمارات_دبي_الوطني","عيش التجربة، برفاهية متكاملة ✨
مع مزايا بطاقة إنفنيت الائتمانية من #بنك_الإمارات_دبي_الوطني","Live the experience, with complete luxury ✨ with the benefits of the Infinite credit card from #Emirates_NBD.",Cust,Positive,2026-04-13 00:19:00+04:00,2026-04-13
2043416207320064134,https://x.com/www20190/status/2043416207320064134,https://x.com/www20190,www20190,ابو خــہٰٰ۫ـالــد,https://pbs.twimg.com/profile_images/758361770159382528/t8B_Ac5T_bigger.jpg,,"رجّع 5% من مقاضي البقالة 😎 
باستخدام بطاقة مزيد الائتمانية من #بنك_الإمارات_دبي_الوطني 

للتفاصيل:https://t.co/b8HVJdpuqK https://t.co/kVUdwtCbBa","صار لي سنة كاملة اراسلهم لفتح حساب 
وكل مره يقول راح يتواصلون معك 
ومافيه احد تواصل 
التعامل سيئ من البداية",False,,['EmiratesNBD_KSA'],6h,"Apr 12, 2026 · 7:49 PM UTC",2026-04-12 19:49:00+00:00,,,0,0,0,4,ENBD,"صار لي سنة كاملة اراسلهم لفتح حساب 
وكل مره يقول راح يتواصلون معك 
ومافيه احد تواصل 
التعامل سيئ من البداية",https://x.com/www20190/status/2043416207320064134,"رجّع 5% من مقاضي البقالة 😎 
باستخدام بطاقة مزيد الائتمانية من #بنك_الإمارات_دبي_الوطني 

للتفاصيل:https://t.co/b8HVJdpuqK https://t.co/kVUdwtCbBa","رجّع 5% من مقاضي البقالة 😎 
باستخدام بطاقة مزيد الائتمانية من #بنك_الإمارات_دبي_الوطني 

للتفاصيل:https://t.co/b8HVJdpuqK https://t.co/kVUdwtCbBa","Get 5% back on grocery purchases 😎 using the Mazid credit card from #Emirates_NBD. 

For details: https://t.co/b8HVJdpuqK https://t.co/kVUdwtCbBa",Cust,Positive,2026-04-12 23:49:00+04:00,2026-04-12
2043415757783028213,https://x.com/2A2l5kCEjQAbS73/status/2043415757783028213,https://x.com/2A2l5kCEjQAbS73,2A2l5kCEjQAbS73,البدر |,https://pbs.twimg.com/profile_images/1505021056628711426/7bzrUu5d_bigger.jpg,,"رابح صقر يتوجه من ""موسم جدة"" برسالة لمعالي المستشار تركي آل الشيخ .. ويقدم مع روتانا حفلا مبهرا يؤكد ان ""جدة غير"" ويعد ""بألبوم غير""

في حفل ضخم نفذت تذاكره قبل موعده، شهده ""موسم جدة، احتفت “مجموعة روتانا للموسيقى"" مع ""صقر الاغنية الخليجية"" الفنان الكبير رابح صقر، بالنجاح الكبير الذي حققه ""صقر الغناء"" وهو يحلق بصوته وموسيقاه وإبداعه في أسماع جمهوره الكبير الذي ملئ مسرح ""عبادي الجوهر أرينا"" بجدة ،
وكذلك من تابع النقل المباشر للحفل عبر قنوات روتانا ، لينسجم عطاء رابح الرابح فنيا على المسرح بأغانيه الطربية والايقاعية والاجتماعية والعاطفية والوطنية مع شعار الموسم ""جدة غير"" ويقدم الصقر فعلا ""ما هو غير""، الأمر الذي أسعد كل من تابع الحفل، وأشعل ""السوشيال ميديا"" باعادة بث مقاطع التقطها له محبوه اقلع فيها الصقر وهو يغني بكامل لياقته الموسيقية والبدنية على مدار وصلتين غنائيتين تخللتهما استراحة قصيرة للفرقة الموسيقية الكبيرة التي رافقته بقيادة المايسترو هاني فرحات. 

الاستاذ سالم الهندي رئيس مجلس الادارة والرئيس التنفيذي لمجموعة روتانا للموسيقى كان أول من استقبل رابح صقر عند وصوله مكان الحفل، وايضا أول من هنأه بعد الختام على النجاح عند مغادرته المسرح ،لكن بين البداية والنهاية صاغ رابح صقر قصة نجاح لفنان يتسلح بموهبة فنية موسيقية احترافية فذة، وجمهور كبير ومخلص ومحب لهذا النجم. وقبل ان يصعد الصقر على المسرح التقى مع أ.سالم امام ال MediaWall مع اهل الاعلام وردا على سؤال حول الرسالة التي يبعث بها من ""موسم جدة"" لمعالي المستشار تركي بن عبد المحسن آل الشيخ رئيس مجلس ادارة الهيئة العامة للترفيه ؟،  وجه رابح رسالة محبة وشكر وتقدير، قائلا: ""معالي المستشار موجود معنا دوما في القلب اينما تواجدنا في المملكة وخارجها.. وليس فقط في موسمي الرياض وجدة"". ايضا كشف رابح انه ما يزال يشتغل ويجهز في البومه القادم من انتاج روتانا والذي سيضم مجموعة من الشعراء والملحنين البارزين وعددا من الموهوبين، مؤكدا حرصه على التنويع الموسيقي في هذه الاعمال ليكون البومه كالعادة غير.
وعلى المسرح امتع رابح صقر جمهوره بكم كبير من أغانيه ال 30 التي اجرى عليها البروفات مع فرقته وهي:(ابرك الساعات، صدفة، أفهمك، انتي حلوة، تقدر تعيد، الف من يشهد، خلنا كذا حلوين، كذا (تخلين السهر) ، البشارة، العباة الرهيفة، الحكاية، صدقيني، غرام اطفال، خلاص، وش رايك الليلة، أوجه المعنى، الرصاص، لا تمنن، يحبونه، الذهب اصلي، الواقع، يا دار، ما عاد تسأل، سرى الليل، مغرورة، ازعل عليك). مودعا في الختام جمهور اهل جدة ، وشاكرا القائمين على موسم جدة وروتانا لما بذلوه لانجاح هذا الحدث.","رغم كثرة المدراء في <a href=""/search?f=tweets&amp;q=%23روتانا"">#روتانا</a> ، إلا أنها لم تعد كما كانت في السابق  .
اشكاليات كثيرة تواجه الجمهور مع المنظمين و حراس الأمن لا تجد من يصغي ومن يسمع من قبلهم .

<a href=""/salhendi"" title=""سالم الهندي"">@salhendi</a>  
<a href=""/RotanaLive"" title=""Rotana Live"">@RotanaLive</a>",False,,"['RotanaLive', 'RabehSaqer', 'JEDCalendar', 'EmiratesNBD_KSA']",6h,"Apr 12, 2026 · 7:47 PM UTC",2026-04-12 19:47:00+00:00,,"['https://x.com/search?f=tweets&q=%23روتانا', 'https://x.com/salhendi', 'https://x.com/RotanaLive']",0,0,0,22,ENBD,"رغم كثرة المدراء في #روتانا ، إلا أنها لم تعد كما كانت في السابق  .
اشكاليات كثيرة تواجه الجمهور مع المنظمين و حراس الأمن لا تجد من يصغي ومن يسمع من قبلهم .

@salhendi  
@RotanaLive",https://x.com/2A2l5kCEjQAbS73/status/2043415757783028213,"رابح صقر يتوجه من ""موسم جدة"" برسالة لمعالي المستشار تركي آل الشيخ .. ويقدم مع روتانا حفلا مبهرا يؤكد ان ""جدة غير"" ويعد ""بألبوم غير""

في حفل ضخم نفذت تذاكره قبل موعده، شهده ""موسم جدة، احتفت “مجموعة روتانا للموسيقى"" مع ""صقر الاغنية الخليجية"" الفنان الكبير رابح صقر، بالنجاح الكبير الذي حققه ""صقر الغناء"" وهو يحلق بصوته وموسيقاه وإبداعه في أسماع جمهوره الكبير الذي ملئ مسرح ""عبادي الجوهر أرينا"" بجدة ،
وكذلك من تابع النقل المباشر للحفل عبر قنوات روتانا ، لينسجم عطاء رابح الرابح فنيا على المسرح بأغانيه الطربية والايقاعية والاجتماعية والعاطفية والوطنية مع شعار الموسم ""جدة غير"" ويقدم الصقر فعلا ""ما هو غير""، الأمر الذي أسعد كل من تابع الحفل، وأشعل ""السوشيال ميديا"" باعادة بث مقاطع التقطها له محبوه اقلع فيها الصقر وهو يغني بكامل لياقته الموسيقية والبدنية على مدار وصلتين غنائيتين تخللتهما استراحة قصيرة للفرقة الموسيقية الكبيرة التي رافقته بقيادة المايسترو هاني فرحات. 

الاستاذ سالم الهندي رئيس مجلس الادارة والرئيس التنفيذي لمجموعة روتانا للموسيقى كان أول من استقبل رابح صقر عند وصوله مكان الحفل، وايضا أول من هنأه بعد الختام على النجاح عند مغادرته المسرح ،لكن بين البداية والنهاية صاغ رابح صقر قصة نجاح لفنان يتسلح بموهبة فنية موسيقية احترافية فذة، وجمهور كبير ومخلص ومحب لهذا النجم. وقبل ان يصعد الصقر على المسرح التقى مع أ.سالم امام ال MediaWall مع اهل الاعلام وردا على سؤال حول الرسالة التي يبعث بها من ""موسم جدة"" لمعالي المستشار تركي بن عبد المحسن آل الشيخ رئيس مجلس ادارة الهيئة العامة للترفيه ؟،  وجه رابح رسالة محبة وشكر وتقدير، قائلا: ""معالي المستشار موجود معنا دوما في القلب اينما تواجدنا في المملكة وخارجها.. وليس فقط في موسمي الرياض وجدة"". ايضا كشف رابح انه ما يزال يشتغل ويجهز في البومه القادم من انتاج روتانا والذي سيضم مجموعة من الشعراء والملحنين البارزين وعددا من الموهوبين، مؤكدا حرصه على التنويع الموسيقي في هذه الاعمال ليكون البومه كالعادة غير.
وعلى المسرح امتع رابح صقر جمهوره بكم كبير من أغانيه ال 30 التي اجرى عليها البروفات مع فرقته وهي:(ابرك الساعات، صدفة، أفهمك، انتي حلوة، تقدر تعيد، الف من يشهد، خلنا كذا حلوين، كذا (تخلين السهر) ، البشارة، العباة الرهيفة، الحكاية، صدقيني، غرام اطفال، خلاص، وش رايك الليلة، أوجه المعنى، الرصاص، لا تمنن، يحبونه، الذهب اصلي، الواقع، يا دار، ما عاد تسأل، سرى الليل، مغرورة، ازعل عليك). مودعا في الختام جمهور اهل جدة ، وشاكرا القائمين على موسم جدة وروتانا لما بذلوه لانجاح هذا الحدث.","رابح صقر يتوجه من ""موسم جدة"" برسالة لمعالي المستشار تركي آل الشيخ .. ويقدم مع روتانا حفلا مبهرا يؤكد ان ""جدة غير"" ويعد ""بألبوم غير""

في حفل ضخم نفذت تذاكره قبل موعده، شهده ""موسم جدة، احتفت “مجموعة روتانا للموسيقى"" مع ""صقر الاغنية الخليجية"" الفنان الكبير رابح صقر، بالنجاح الكبير الذي حققه ""صقر الغناء"" وهو يحلق بصوته وموسيقاه وإبداعه في أسماع جمهوره الكبير الذي ملئ مسرح ""عبادي الجوهر أرينا"" بجدة ،
وكذلك من تابع النقل المباشر للحفل عبر قنوات روتانا ، لينسجم عطاء رابح الرابح فنيا على المسرح بأغانيه الطربية والايقاعية والاجتماعية والعاطفية والوطنية مع شعار الموسم ""جدة غير"" ويقدم الصقر فعلا ""ما هو غير""، الأمر الذي أسعد كل من تابع الحفل، وأشعل ""السوشيال ميديا"" باعادة بث مقاطع التقطها له محبوه اقلع فيها الصقر وهو يغني بكامل لياقته الموسيقية والبدنية على مدار وصلتين غنائيتين تخللتهما استراحة قصيرة للفرقة الموسيقية الكبيرة التي رافقته بقيادة المايسترو هاني فرحات. 

الاستاذ سالم الهندي رئيس مجلس الادارة والرئيس التنفيذي لمجموعة روتانا للموسيقى كان أول من استقبل رابح صقر عند وصوله مكان الحفل، وايضا أول من هنأه بعد الختام على النجاح عند مغادرته المسرح ،لكن بين البداية والنهاية صاغ رابح صقر قصة نجاح لفنان يتسلح بموهبة فنية موسيقية احترافية فذة، وجمهور كبير ومخلص ومحب لهذا النجم. وقبل ان يصعد الصقر على المسرح التقى مع أ.سالم امام ال MediaWall مع اهل الاعلام وردا على سؤال حول الرسالة التي يبعث بها من ""موسم جدة"" لمعالي المستشار تركي بن عبد المحسن آل الشيخ رئيس مجلس ادارة الهيئة العامة للترفيه ؟،  وجه رابح رسالة محبة وشكر وتقدير، قائلا: ""معالي المستشار موجود معنا دوما في القلب اينما تواجدنا في المملكة وخارجها.. وليس فقط في موسمي الرياض وجدة"". ايضا كشف رابح انه ما يزال يشتغل ويجهز في البومه القادم من انتاج روتانا والذي سيضم مجموعة من الشعراء والملحنين البارزين وعددا من الموهوبين، مؤكدا حرصه على التنويع الموسيقي في هذه الاعمال ليكون البومه كالعادة غير.
وعلى المسرح امتع رابح صقر جمهوره بكم كبير من أغانيه ال 30 التي اجرى عليها البروفات مع فرقته وهي:(ابرك الساعات، صدفة، أفهمك، انتي حلوة، تقدر تعيد، الف من يشهد، خلنا كذا حلوين، كذا (تخلين السهر) ، البشارة، العباة الرهيفة، الحكاية، صدقيني، غرام اطفال، خلاص، وش رايك الليلة، أوجه المعنى، الرصاص، لا تمنن، يحبونه، الذهب اصلي، الواقع، يا دار، ما عاد تسأل، سرى الليل، مغرورة، ازعل عليك). مودعا في الختام جمهور اهل جدة ، وشاكرا القائمين على موسم جدة وروتانا لما بذلوه لانجاح هذا الحدث.","Rabeh Saqer addressed His Excellency Advisor Turki Al-Sheikh from ""Jeddah Season"" and, in collaboration with Rotana, presented an impressive concert that confirms ""Jeddah is different"" and promises ""an album like no other.""

In a grand concert where tickets sold out before the event, ""Jeddah Season"" celebrated with the ""Saqer of Gulf Music,"" the great artist Rabeh Saqer, the tremendous success he achieved as he soared with his voice, music, and creativity in front of his large audience that filled the ""Abadi Al-Johar Arena"" in Jeddah, as well as those who followed the live broadcast of the concert through Rotana channels. Rabeh's artistic performance on stage harmonized with his melodic, rhythmic, social, emotional, and patriotic songs, aligning with the season's slogan ""Jeddah is different,"" and he indeed delivered something ""different,"" which delighted everyone who watched the concert and ignited social media with clips captured by his fans, showcasing Rabeh singing with full musical and physical vigor throughout two singing sets, interspersed with a short break for the large accompanying band led by Maestro Hani Farhat.

Mr. Salem Al-Hindi, Chairman and CEO of Rotana Music Group, was the first to welcome Rabeh Saqer upon his arrival at the concert venue and also the first to congratulate him on the success as he left the stage. However, between the beginning and the end, Rabeh Saqer crafted a success story for an artist armed with exceptional musical talent, a large, loyal, and loving audience. Before taking the stage, Rabeh met with Mr. Salem in front of the Media Wall with media representatives, and in response to a question about the message he sends from ""Jeddah Season"" to His Excellency Advisor Turki bin Abdul Mohsen Al-Sheikh, Chairman of the General Entertainment Authority, Rabeh conveyed a message of love, gratitude, and appreciation, saying: ""His Excellency the Advisor is always with us in our hearts wherever we are in the Kingdom and outside it... not just in the Riyadh and Jeddah seasons."" Rabeh also revealed that he is still working on his upcoming album produced by Rotana, which will include a group of prominent poets and composers as well as several talented individuals, emphasizing his commitment to musical diversity in these works to make his album, as usual, unique.

On stage, Rabeh Saqer entertained his audience with a large number of his 30 songs that he rehearsed with his band, including: (Abarak Al-Saat, Sudfa, Afahemak, Enti Helwa, Taqdar Te'eed, Alf Min Yashhad, Khalna Kitha Helween, Kitha (Takhleen Al-Sahar), Al-Bashara, Al-Abaya Al-Raheefa, Al-Hikaya, Sadiqini, Gharam Atfal, Khalas, Wash Rayik Al-Laila, Awjah Al-Ma'na, Al-Rasas, La Tamnin, Yuhibunuh, Al-Dhahab Asli, Al-Waqi', Ya Dar, Ma Ad Tas'al, Sarra Al-Layl, Maghroura, Az'al Alayk). He concluded by bidding farewell to the people of Jeddah and thanking those behind Jeddah Season and Rotana for their efforts in making this event a success.",Cust,Neutral,2026-04-12 23:47:00+04:00,2026-04-12
2043408855938551891,https://x.com/MultibaggAI/status/2043408855938551891,https://x.com/MultibaggAI,MultibaggAI,multibagg.ai,https://pbs.twimg.com/profile_images/2017665342756294656/o62zwaRv_bigger.jpg,,"RBLBANK: RBL BANK: EMIRATES NBD ISSUES CORRIGENDUM TO OPEN OFFER FOR UP TO 415,586,443 SHARES (26% OF EXPANDED VOTING CAPITAL) AT ₹280/SH (≈₹116.36B); RBI APPROVALS NOTED, SUBJECT TO CONDITIONS.","RBLBANK: RBL BANK: EMIRATES NBD ISSUES CORRIGENDUM TO OPEN OFFER FOR UP TO 415,586,443 SHARES (26% OF EXPANDED VOTING CAPITAL) AT ₹280/SH (≈₹116.36B); RBI APPROVALS NOTED, SUBJECT TO CONDITIONS.",False,,,7h,"Apr 12, 2026 · 7:20 PM UTC",2026-04-12 19:20:00+00:00,,,0,0,0,31,ENBD,"RBLBANK: RBL BANK: EMIRATES NBD ISSUES CORRIGENDUM TO OPEN OFFER FOR UP TO 415,586,443 SHARES (26% OF EXPANDED VOTING CAPITAL) AT ₹280/SH (≈₹116.36B); RBI APPROVALS NOTED, SUBJECT TO CONDITIONS.",https://x.com/MultibaggAI/status/2043408855938551891,"RBLBANK: RBL BANK: EMIRATES NBD ISSUES CORRIGENDUM TO OPEN OFFER FOR UP TO 415,586,443 SHARES (26% OF EXPANDED VOTING CAPITAL) AT ₹280/SH (≈₹116.36B); RBI APPROVALS NOTED, SUBJECT TO CONDITIONS.","RBLBANK: RBL BANK: EMIRATES NBD ISSUES CORRIGENDUM TO OPEN OFFER FOR UP TO 415,586,443 SHARES (26% OF EXPANDED VOTING CAPITAL) AT ₹280/SH (≈₹116.36B); RBI APPROVALS NOTED, SUBJECT TO CONDITIONS.","RBL BANK: EMIRATES NBD ISSUES CORRIGENDUM TO OPEN OFFER FOR UP TO 415,586,443 SHARES (26% OF EXPANDED VOTING CAPITAL) AT ₹280 PER SHARE (≈₹116.36 BILLION); RBI APPROVALS NOTED, SUBJECT TO CONDITIONS.",Cust,Neutral,2026-04-12 23:20:00+04:00,2026-04-12
2043381468202987696,https://x.com/MultibaggAI/status/2043381468202987696,https://x.com/MultibaggAI,MultibaggAI,multibagg.ai,https://pbs.twimg.com/profile_images/2017665342756294656/o62zwaRv_bigger.jpg,,"RBLBANK: RBL BANK: EMIRATES NBD PUBLISHES CORRIGENDUM (12 APR 2026) TO OPEN OFFER FOR UP TO 415,586,443 SHARES (26% OF EXPANDED VOTING CAPITAL) AT ₹280/SH (~₹116.36BN). RBI APPROVALS RECORDED ON 01 APR 2026, SUBJECT TO CONDITIONS.","RBLBANK: RBL BANK: EMIRATES NBD PUBLISHES CORRIGENDUM (12 APR 2026) TO OPEN OFFER FOR UP TO 415,586,443 SHARES (26% OF EXPANDED VOTING CAPITAL) AT ₹280/SH (~₹116.36BN). RBI APPROVALS RECORDED ON 01 APR 2026, SUBJECT TO CONDITIONS.",False,,,9h,"Apr 12, 2026 · 5:31 PM UTC",2026-04-12 17:31:00+00:00,,,0,0,0,52,ENBD,"RBLBANK: RBL BANK: EMIRATES NBD PUBLISHES CORRIGENDUM (12 APR 2026) TO OPEN OFFER FOR UP TO 415,586,443 SHARES (26% OF EXPANDED VOTING CAPITAL) AT ₹280/SH (~₹116.36BN). RBI APPROVALS RECORDED ON 01 APR 2026, SUBJECT TO CONDITIONS.",https://x.com/MultibaggAI/status/2043381468202987696,"RBLBANK: RBL BANK: EMIRATES NBD PUBLISHES CORRIGENDUM (12 APR 2026) TO OPEN OFFER FOR UP TO 415,586,443 SHARES (26% OF EXPANDED VOTING CAPITAL) AT ₹280/SH (~₹116.36BN). RBI APPROVALS RECORDED ON 01 APR 2026, SUBJECT TO CONDITIONS.","RBLBANK: RBL BANK: EMIRATES NBD PUBLISHES CORRIGENDUM (12 APR 2026) TO OPEN OFFER FOR UP TO 415,586,443 SHARES (26% OF EXPANDED VOTING CAPITAL) AT ₹280/SH (~₹116.36BN). RBI APPROVALS RECORDED ON 01 APR 2026, SUBJECT TO CONDITIONS.","RBL BANK: EMIRATES NBD PUBLISHES CORRIGENDUM (12 APR 2026) TO OPEN OFFER FOR UP TO 415,586,443 SHARES (26% OF EXPANDED VOTING CAPITAL) AT ₹280/SH (~₹116.36BN). RBI APPROVALS RECORDED ON 01 APR 2026, SUBJECT TO CONDITIONS.",Cust,Neutral,2026-04-12 21:31:00+04:00,2026-04-12
2043373911304491453,https://x.com/Fin_Wizz/status/2043373911304491453,https://x.com/Fin_Wizz,Fin_Wizz,FinWizz (finwizz.live),https://pbs.twimg.com/profile_images/1670684830940696576/Sh4XZDFE_bigger.jpg,,"Blue Dart Independent Director Resigns Due to Health Reasons
#BLUEDART #StocksToBuy #StockMarketindia","Emirates NBD Bank Announces Open Offer to Acquire RBL Bank Shares at INR 280 Each
<a href=""/search?f=tweets&amp;q=%23RBLBANK"">#RBLBANK</a> <a href=""/search?f=tweets&amp;q=%23StocksToBuy"">#StocksToBuy</a> <a href=""/search?f=tweets&amp;q=%23StockMarketindia"">#StockMarketindia</a>",False,,,9h,"Apr 12, 2026 · 5:01 PM UTC",2026-04-12 17:01:00+00:00,,"['https://x.com/search?f=tweets&q=%23RBLBANK', 'https://x.com/search?f=tweets&q=%23StocksToBuy', 'https://x.com/search?f=tweets&q=%23StockMarketindia']",0,0,0,237,ENBD,"Emirates NBD Bank Announces Open Offer to Acquire RBL Bank Shares at INR 280 Each
#RBLBANK #StocksToBuy #StockMarketindia",https://x.com/Fin_Wizz/status/2043373911304491453,"Blue Dart Independent Director Resigns Due to Health Reasons
#BLUEDART #StocksToBuy #StockMarketindia","Blue Dart Independent Director Resigns Due to Health Reasons
#BLUEDART #StocksToBuy #StockMarketindia",Blue Dart Independent Director Resigns Due to Health Reasons,Cust,Neutral,2026-04-12 21:01:00+04:00,2026-04-12
2043373499449053459,https://x.com/Paranth74290348/status/2043373499449053459,https://x.com/Paranth74290348,Paranth74290348,Padmavathi S Market Insights,https://pbs.twimg.com/profile_images/1598326775716937730/jFviwDgQ_bigger.jpg,,"RBLBANK Update 📊

🟢 RBI approves Emirates NBD open offer
• Up to 26% stake @ ₹280/share

⚠️Conditions
• WOS governance norms to apply
• Amend Articles (shareholder approval needed)
• Changes in board nomination rights

⚠️ Disc: Tracking only. Not a buy/sell recommendation.","RBLBANK Update 📊

🟢 RBI approves Emirates NBD open offer
• Up to 26% stake @ ₹280/share

⚠️Conditions
• WOS governance norms to apply
• Amend Articles (shareholder approval needed)
• Changes in board nomination rights

⚠️ Disc: Tracking only. Not a buy/sell recommendation.",False,,,9h,"Apr 12, 2026 · 4:59 PM UTC",2026-04-12 16:59:00+00:00,,,0,0,0,46,ENBD,"RBLBANK Update 📊

🟢 RBI approves Emirates NBD open offer
• Up to 26% stake @ ₹280/share

⚠️Conditions
• WOS governance norms to apply
• Amend Articles (shareholder approval needed)
• Changes in board nomination rights

⚠️ Disc: Tracking only. Not a buy/sell recommendation.",https://x.com/Paranth74290348/status/2043373499449053459,"RBLBANK Update 📊

🟢 RBI approves Emirates NBD open offer
• Up to 26% stake @ ₹280/share

⚠️Conditions
• WOS governance norms to apply
• Amend Articles (shareholder approval needed)
• Changes in board nomination rights

⚠️ Disc: Tracking only. Not a buy/sell recommendation.","RBLBANK Update 📊

🟢 RBI approves Emirates NBD open offer
• Up to 26% stake @ ₹280/share

⚠️Conditions
• WOS governance norms to apply
• Amend Articles (shareholder approval needed)
• Changes in board nomination rights

⚠️ Disc: Tracking only. Not a buy/sell recommendation.","RBLBANK Update 📊

🟢 RBI approves Emirates NBD open offer
• Up to 26% stake @ ₹280/share

⚠️Conditions
• WOS governance norms to apply
• Amend Articles (shareholder approval needed)
• Changes in board nomination rights

⚠️ Disc: Tracking only. Not a buy/sell recommendation.",Cust,Neutral,2026-04-12 20:59:00+04:00,2026-04-12
2043372896043835864,https://x.com/wegro_app/status/2043372896043835864,https://x.com/wegro_app,wegro_app,Wegro App,https://pbs.twimg.com/profile_images/1793658188497117184/T9pfyA67_bigger.jpg,,"RBL Bank has received the RBI Acquisition Approval for Emirates NBD Bank's open offer to acquire 26% of RBL Bank's shares at ₹280 per share. The approval comes with stipulations, including applying WOS mode governance directions & amending articles of association, requiring shareholder approval via special resolution. Consequently, the Investment Agreement & Open Offer documents have been amended to reflect these changes, particularly regarding the Acquirer's right to nominate non-independent directors.

📊 RBL BANK LTD | 🏷️ General

🌐 Details: https://t.co/coNzqTMJvn

⚡️Instant stock alerts on WhatsApp - Try FREE 👉 https://t.co/PdwQDWbXUY","RBL Bank has received the RBI Acquisition Approval for Emirates NBD Bank&#39;s open offer to acquire 26% of RBL Bank&#39;s shares at ₹280 per share. The approval comes with stipulations, including applying WOS mode governance directions &amp; amending articles of association, requiring shareholder approval via special resolution. Consequently, the Investment Agreement &amp; Open Offer documents have been amended to reflect these changes, particularly regarding the Acquirer&#39;s right to nominate non-independent directors.

📊 RBL BANK LTD | 🏷️ General

🌐 Details: <a href=""https://www.wegro.app/Jlhj3n"">wegro.app/Jlhj3n</a>

⚡️Instant stock alerts on WhatsApp - Try FREE 👉 <a href=""https://www.wegro.app/go"">wegro.app/go</a>",False,,,9h,"Apr 12, 2026 · 4:57 PM UTC",2026-04-12 16:57:00+00:00,,"['https://www.wegro.app/Jlhj3n', 'https://www.wegro.app/go']",0,0,1,135,ENBD,"RBL Bank has received the RBI Acquisition Approval for Emirates NBD Bank's open offer to acquire 26% of RBL Bank's shares at ₹280 per share. The approval comes with stipulations, including applying WOS mode governance directions & amending articles of association, requiring shareholder approval via special resolution. Consequently, the Investment Agreement & Open Offer documents have been amended to reflect these changes, particularly regarding the Acquirer's right to nominate non-independent directors.

📊 RBL BANK LTD | 🏷️ General

🌐 Details: wegro.app/Jlhj3n

⚡️Instant stock alerts on WhatsApp - Try FREE 👉 wegro.app/go",https://x.com/wegro_app/status/2043372896043835864,"RBL Bank has received the RBI Acquisition Approval for Emirates NBD Bank's open offer to acquire 26% of RBL Bank's shares at ₹280 per share. The approval comes with stipulations, including applying WOS mode governance directions & amending articles of association, requiring shareholder approval via special resolution. Consequently, the Investment Agreement & Open Offer documents have been amended to reflect these changes, particularly regarding the Acquirer's right to nominate non-independent directors.

📊 RBL BANK LTD | 🏷️ General

🌐 Details: https://t.co/coNzqTMJvn

⚡️Instant stock alerts on WhatsApp - Try FREE 👉 https://t.co/PdwQDWbXUY","RBL Bank has received the RBI Acquisition Approval for Emirates NBD Bank's open offer to acquire 26% of RBL Bank's shares at ₹280 per share. The approval comes with stipulations, including applying WOS mode governance directions & amending articles of association, requiring shareholder approval via special resolution. Consequently, the Investment Agreement & Open Offer documents have been amended to reflect these changes, particularly regarding the Acquirer's right to nominate non-independent directors.

📊 RBL BANK LTD | 🏷️ General

🌐 Details: https://t.co/coNzqTMJvn

⚡️Instant stock alerts on WhatsApp - Try FREE 👉 https://t.co/PdwQDWbXUY","RBL Bank has received the RBI Acquisition Approval for Emirates NBD Bank's open offer to acquire 26% of RBL Bank's shares at ₹280 per share. The approval comes with stipulations, including applying WOS mode governance directions and amending articles of association, requiring shareholder approval via special resolution. Consequently, the Investment Agreement and Open Offer documents have been amended to reflect these changes, particularly regarding the Acquirer's right to nominate non-independent directors.",Cust,Neutral,2026-04-12 20:57:00+04:00,2026-04-12
2043368554083627332,https://x.com/sk_gouse_lazam/status/2043368554083627332,https://x.com/sk_gouse_lazam,sk_gouse_lazam,Shaik Gouse Lazam,https://pbs.twimg.com/profile_images/1596696808373485568/ymc7z_z1_bigger.jpg,,"My career growth story 📈😀 
- 2008 campus interview Infosys 25k salary
- 2012 Emirates NBD Dubai 12k AED
- 2013 IT Manager role in Dubai (18k AED)
- 2015, married, ~23k AED in Dubai based startup
- 2019 lost all as alimony &amp; fake cases stuck here

Moral : Dont marry bro. 🥹",Okay bro give me lead how did you moved to emirates NBD dubai?,False,,['KishSiff'],10h,"Apr 12, 2026 · 4:40 PM UTC",2026-04-12 16:40:00+00:00,,,1,0,1,106,ENBD,Okay bro give me lead how did you moved to emirates NBD dubai?,https://x.com/sk_gouse_lazam/status/2043368554083627332,"My career growth story 📈😀 
- 2008 campus interview Infosys 25k salary
- 2012 Emirates NBD Dubai 12k AED
- 2013 IT Manager role in Dubai (18k AED)
- 2015, married, ~23k AED in Dubai based startup
- 2019 lost all as alimony &amp; fake cases stuck here

Moral : Dont marry bro. 🥹","My career growth story 📈😀 
- 2008 campus interview Infosys 25k salary
- 2012 Emirates NBD Dubai 12k AED
- 2013 IT Manager role in Dubai (18k AED)
- 2015, married, ~23k AED in Dubai based startup
- 2019 lost all as alimony &amp; fake cases stuck here

Moral : Dont marry bro. 🥹","My career growth story 📈😀 
- 2008 campus interview at Infosys with a salary of 25k
- 2012 Emirates NBD in Dubai with a salary of 12k AED
- 2013 IT Manager role in Dubai with a salary of 18k AED
- 2015, got married, earning around 23k AED in a Dubai-based startup
- 2019 lost everything due to alimony and false cases that left me stuck here

Moral: Don't get married, bro. 🥹",Cust,Neutral,2026-04-12 20:40:00+04:00,2026-04-12
2043318480523645306,https://x.com/uaegirl786/status/2043318480523645306,https://x.com/uaegirl786,uaegirl786,UAE Girl 🌸,https://pbs.twimg.com/profile_images/1465660372820672512/ge-bSME-_bigger.jpg,,"Three messages say your Emirates ID or residence visa needs to be renewed. 

Two are genuine and one is a trap designed to steal your data. Can you spot the fake message? 

Share your answer in the comments, put your scam detection skills to the test and stand the chance to win AED 2,000.

#UnitedAgainstFraud 

تصلك ثلاث رسائل تفيد بأن هويتك الإماراتية أو تأشيرة إقامتك بحاجة إلى تجديد.
اثنتان منهما حقيقيتان، وواحدة فخ احتيالي صُمّم لسرقة بياناتك.

هل تستطيع كشف الرسالة المزيّفة؟ 

شارك إجابتك في التعليقات، اختبر مهاراتك في كشف الاحتيال، واحصل على فرصة ربح 2,000 درهم.

 #متحدون_ضد_الاحتيال",SMS 2🌸,False,,['EmiratesNBD_AE'],13h,"Apr 12, 2026 · 1:21 PM UTC",2026-04-12 13:21:00+00:00,,,0,0,0,1,ENBD,SMS 2🌸,https://x.com/uaegirl786/status/2043318480523645306,"Three messages say your Emirates ID or residence visa needs to be renewed. 

Two are genuine and one is a trap designed to steal your data. Can you spot the fake message? 

Share your answer in the comments, put your scam detection skills to the test and stand the chance to win AED 2,000.

#UnitedAgainstFraud 

تصلك ثلاث رسائل تفيد بأن هويتك الإماراتية أو تأشيرة إقامتك بحاجة إلى تجديد.
اثنتان منهما حقيقيتان، وواحدة فخ احتيالي صُمّم لسرقة بياناتك.

هل تستطيع كشف الرسالة المزيّفة؟ 

شارك إجابتك في التعليقات، اختبر مهاراتك في كشف الاحتيال، واحصل على فرصة ربح 2,000 درهم.

 #متحدون_ضد_الاحتيال","Three messages say your Emirates ID or residence visa needs to be renewed. 

Two are genuine and one is a trap designed to steal your data. Can you spot the fake message? 

Share your answer in the comments, put your scam detection skills to the test and stand the chance to win AED 2,000.

#UnitedAgainstFraud 

تصلك ثلاث رسائل تفيد بأن هويتك الإماراتية أو تأشيرة إقامتك بحاجة إلى تجديد.
اثنتان منهما حقيقيتان، وواحدة فخ احتيالي صُمّم لسرقة بياناتك.

هل تستطيع كشف الرسالة المزيّفة؟ 

شارك إجابتك في التعليقات، اختبر مهاراتك في كشف الاحتيال، واحصل على فرصة ربح 2,000 درهم.

 #متحدون_ضد_الاحتيال","Three messages say your Emirates ID or residence visa needs to be renewed. 

Two are genuine and one is a trap designed to steal your data. Can you spot the fake message? 

Share your answer in the comments, put your scam detection skills to the test and stand the chance to win AED 2,000.

#UnitedAgainstFraud",Cust,Neutral,2026-04-12 17:21:00+04:00,2026-04-12
2043299071918813643,https://x.com/KishSiff/status/2043299071918813643,https://x.com/KishSiff,KishSiff,Kish SIFF,https://pbs.twimg.com/profile_images/2039698742824341504/1_6pdsIB_bigger.jpg,,"My career growth story 📈😀 
- 2008 campus interview Infosys 25k salary
- 2012 Emirates NBD Dubai 12k AED
- 2013 IT Manager role in Dubai (18k AED)
- 2015, married, ~23k AED in Dubai based startup
- 2019 lost all as alimony & fake cases stuck here

Moral : Dont marry bro. 🥹","My career growth story 📈😀 
- 2008 campus interview Infosys 25k salary
- 2012 Emirates NBD Dubai 12k AED
- 2013 IT Manager role in Dubai (18k AED)
- 2015, married, ~23k AED in Dubai based startup
- 2019 lost all as alimony &amp; fake cases stuck here

Moral : Dont marry bro. 🥹",False,,,14h,"Apr 12, 2026 · 12:03 PM UTC",2026-04-12 12:03:00+00:00,,,34,180,1207,27386,ENBD,"My career growth story 📈😀 
- 2008 campus interview Infosys 25k salary
- 2012 Emirates NBD Dubai 12k AED
- 2013 IT Manager role in Dubai (18k AED)
- 2015, married, ~23k AED in Dubai based startup
- 2019 lost all as alimony & fake cases stuck here

Moral : Dont marry bro. 🥹",,,"My career growth story 📈😀 
- 2008 campus interview Infosys 25k salary
- 2012 Emirates NBD Dubai 12k AED
- 2013 IT Manager role in Dubai (18k AED)
- 2015, married, ~23k AED in Dubai based startup
- 2019 lost all as alimony & fake cases stuck here

Moral : Dont marry bro. 🥹","My career growth story 📈😀 
- 2008 campus interview at Infosys with a salary of 25k
- 2012 Emirates NBD in Dubai with a salary of 12k AED
- 2013 IT Manager role in Dubai with a salary of 18k AED
- 2015, got married, earning around 23k AED in a Dubai-based startup
- 2019 lost everything due to alimony and false cases that left me stuck here

Moral: Don't get married, bro. 🥹",Cust,Neutral,2026-04-12 16:03:00+04:00,2026-04-12
2043276593582182892,https://x.com/grok/status/2043276593582182892,https://x.com/grok,grok,Grok,https://pbs.twimg.com/profile_images/1893219113717342208/Vgg2hEPa_bigger.jpg,,Mr. Indifferent: King of minding your business https://t.co/43C4yasxWc,It&#39;s the CGI animated short film &#34;Mr. Indifferent&#34; (aka &#34;Mr Indifferent - Give in to Giving&#34;) by Aryasb Feiz for Emirates NBD Bank. A fun 1-minute story about a busy guy who learns to lend a hand.,False,,"['TheRealAssasn', 'AbobiWay']",16h,"Apr 12, 2026 · 10:34 AM UTC",2026-04-12 10:34:00+00:00,,,0,0,0,12,ENBD,"It's the CGI animated short film ""Mr. Indifferent"" (aka ""Mr Indifferent - Give in to Giving"") by Aryasb Feiz for Emirates NBD Bank. A fun 1-minute story about a busy guy who learns to lend a hand.",https://x.com/grok/status/2043276593582182892,Mr. Indifferent: King of minding your business https://t.co/43C4yasxWc,Mr. Indifferent: King of minding your business https://t.co/43C4yasxWc,Mr. Indifferent: King of minding your business,Cust,Neutral,2026-04-12 14:34:00+04:00,2026-04-12
2043261795494728051,https://x.com/salehzee/status/2043261795494728051,https://x.com/salehzee,salehzee,صالح العتيبي (ناقد للمنقود),https://pbs.twimg.com/profile_images/1763296588712050688/bGcQuIfz_bigger.jpg,,"يا دار لاهنتِ ولا هان راعيك 😍🇸🇦
عينكم على تفاعل الجمهور من عالم ثاني💚

#رابح_صقر_في_جدة 
#موسم_جدة 
#روتانا_لايف

@RabehSaqer 
@JEDCalendar 
@EmiratesNBD_KSA https://t.co/Qgqg3T5ZcY",يالله حسن الخاتمة,False,,"['RotanaLive', 'RabehSaqer', 'JEDCalendar', 'EmiratesNBD_KSA']",17h,"Apr 12, 2026 · 9:35 AM UTC",2026-04-12 09:35:00+00:00,,,0,0,0,17,ENBD,يالله حسن الخاتمة,https://x.com/salehzee/status/2043261795494728051,"يا دار لاهنتِ ولا هان راعيك 😍🇸🇦
عينكم على تفاعل الجمهور من عالم ثاني💚

#رابح_صقر_في_جدة 
#موسم_جدة 
#روتانا_لايف

@RabehSaqer 
@JEDCalendar 
@EmiratesNBD_KSA https://t.co/Qgqg3T5ZcY","يا دار لاهنتِ ولا هان راعيك 😍🇸🇦
عينكم على تفاعل الجمهور من عالم ثاني💚

#رابح_صقر_في_جدة 
#موسم_جدة 
#روتانا_لايف

@RabehSaqer 
@JEDCalendar 
@EmiratesNBD_KSA https://t.co/Qgqg3T5ZcY","Oh home, you are cherished and so is your caretaker 😍🇸🇦 Keep an eye on the audience's interaction from another world 💚",Cust,Neutral,2026-04-12 13:35:00+04:00,2026-04-12
2043253382106755371,https://x.com/enga81/status/2043253382106755371,https://x.com/enga81,enga81,Ahmed Younis,https://pbs.twimg.com/profile_images/1398668309999071235/8RDSP22Y_bigger.jpg,,"@EmiratesNBD_KSA 
هل يعقل إني علشان استفيد بعرض سينما فوكس، إني استخدم فيزا انفينيت ب ٣٠٠٠ريال في نفس الشهر اللي تم فيه الاستفادة من العرض؟","<a href=""/EmiratesNBD_KSA"" title=""Emirates NBD KSA"">@EmiratesNBD_KSA</a> 
هل يعقل إني علشان استفيد بعرض سينما فوكس، إني استخدم فيزا انفينيت ب ٣٠٠٠ريال في نفس الشهر اللي تم فيه الاستفادة من العرض؟",False,,,17h,"Apr 12, 2026 · 9:02 AM UTC",2026-04-12 09:02:00+00:00,,['https://x.com/EmiratesNBD_KSA'],1,0,0,51,ENBD,"@EmiratesNBD_KSA 
هل يعقل إني علشان استفيد بعرض سينما فوكس، إني استخدم فيزا انفينيت ب ٣٠٠٠ريال في نفس الشهر اللي تم فيه الاستفادة من العرض؟",https://x.com/enga81/status/2043253382106755371,"@EmiratesNBD_KSA 
هل يعقل إني علشان استفيد بعرض سينما فوكس، إني استخدم فيزا انفينيت ب ٣٠٠٠ريال في نفس الشهر اللي تم فيه الاستفادة من العرض؟","@EmiratesNBD_KSA 
هل يعقل إني علشان استفيد بعرض سينما فوكس، إني استخدم فيزا انفينيت ب ٣٠٠٠ريال في نفس الشهر اللي تم فيه الاستفادة من العرض؟","Is it reasonable that in order to benefit from the Vox Cinema offer, I have to use an Infinite Visa for 3,000 riyals in the same month that I take advantage of the offer?",Cust,Neutral,2026-04-12 13:02:00+04:00,2026-04-12
2043250742727782858,https://x.com/MuathOtaibi/status/2043250742727782858,https://x.com/MuathOtaibi,MuathOtaibi,Muath Al-Otaibi,https://pbs.twimg.com/profile_images/2017903805896314881/6SqAh4j8_bigger.jpg,,"ليلة استثنائية حلق فيها صقر الغناء في #موسم_جدة 🦅
والجمهور ولعها حماس من أول لحظة لآخرها 🔥

#رابح_صقر
#روتانا_لايف

@RabehSaqer 
@JEDCalendar 
@EmiratesNBD_KSA https://t.co/2PHoXVNSf7",ما شاءالله فرحتني اليوم,False,,"['RotanaLive', 'RabehSaqer', 'JEDCalendar', 'EmiratesNBD_KSA']",17h,"Apr 12, 2026 · 8:51 AM UTC",2026-04-12 08:51:00+00:00,,,0,0,0,27,ENBD,ما شاءالله فرحتني اليوم,https://x.com/MuathOtaibi/status/2043250742727782858,"ليلة استثنائية حلق فيها صقر الغناء في #موسم_جدة 🦅
والجمهور ولعها حماس من أول لحظة لآخرها 🔥

#رابح_صقر
#روتانا_لايف

@RabehSaqer 
@JEDCalendar 
@EmiratesNBD_KSA https://t.co/2PHoXVNSf7","ليلة استثنائية حلق فيها صقر الغناء في #موسم_جدة 🦅
والجمهور ولعها حماس من أول لحظة لآخرها 🔥

#رابح_صقر
#روتانا_لايف

@RabehSaqer 
@JEDCalendar 
@EmiratesNBD_KSA https://t.co/2PHoXVNSf7",An exceptional night where the singing falcon soared in #Jeddah_Season 🦅 and the audience was excited from the very first moment to the last 🔥,Cust,Neutral,2026-04-12 12:51:00+04:00,2026-04-12
2043236416100930025,https://x.com/m_azeemq/status/2043236416100930025,https://x.com/m_azeemq,m_azeemq,Muhammad Azeem Qureshi,https://pbs.twimg.com/abs.twimg.com/sticky/default_profile_images/default_profile_bigger.png,,"@SAMA_GOV i have been facing issue with EMIRATES NBD KSA bank since 2 months about double charge of interest deduction and they are unable to clarify, your kind help is requested to resolve the issue, kindly guide where i can share the issue in detail?","<a href=""/SAMA_GOV"" title=""SAMA | البنك المركزي السعودي"">@SAMA_GOV</a> i have been facing issue with EMIRATES NBD KSA bank since 2 months about double charge of interest deduction and they are unable to clarify, your kind help is requested to resolve the issue, kindly guide where i can share the issue in detail?",False,,,18h,"Apr 12, 2026 · 7:54 AM UTC",2026-04-12 07:54:00+00:00,,['https://x.com/SAMA_GOV'],1,0,0,3,ENBD,"@SAMA_GOV i have been facing issue with EMIRATES NBD KSA bank since 2 months about double charge of interest deduction and they are unable to clarify, your kind help is requested to resolve the issue, kindly guide where i can share the issue in detail?",https://x.com/m_azeemq/status/2043236416100930025,"@SAMA_GOV i have been facing issue with EMIRATES NBD KSA bank since 2 months about double charge of interest deduction and they are unable to clarify, your kind help is requested to resolve the issue, kindly guide where i can share the issue in detail?","@SAMA_GOV i have been facing issue with EMIRATES NBD KSA bank since 2 months about double charge of interest deduction and they are unable to clarify, your kind help is requested to resolve the issue, kindly guide where i can share the issue in detail?","I have been facing an issue with EMIRATES NBD KSA bank for the past two months regarding a double charge of interest deduction, and they are unable to clarify. Your kind help is requested to resolve the issue. Please guide me on where I can share the issue in detail.",Cust,Negative,2026-04-12 11:54:00+04:00,2026-04-12
2043221326924554588,https://x.com/Gulf_const/status/2043221326924554588,https://x.com/Gulf_const,Gulf_const,Gulf Construction,https://pbs.twimg.com/profile_images/3497523518/ff8c5dd3c169b9bb1240a76dd5f61a37_bigger.jpeg,,"Emirates NBD has announced a strategic partnership with Sobha Realty; to provide integrated home financing solutions for buyers of the premium luxury developer’s off-plan residential developments across Dubai.
Read more on https://t.co/C5VKVLDn7t

#GCnews #Emirates #MENA #banking https://t.co/Iise586Pj8","Emirates NBD has announced a strategic partnership with Sobha Realty; to provide integrated home financing solutions for buyers of the premium luxury developer’s off-plan residential developments across Dubai.
Read more on <a href=""https://gulfconstructiononline.com/ArticleTA/413787"">gulfconstructiononline.com/A…</a>

<a href=""/search?f=tweets&amp;q=%23GCnews"">#GCnews</a> <a href=""/search?f=tweets&amp;q=%23Emirates"">#Emirates</a> <a href=""/search?f=tweets&amp;q=%23MENA"">#MENA</a> <a href=""/search?f=tweets&amp;q=%23banking"">#banking</a>",False,,,19h,"Apr 12, 2026 · 6:55 AM UTC",2026-04-12 06:55:00+00:00,,"['https://gulfconstructiononline.com/ArticleTA/413787', 'https://x.com/search?f=tweets&q=%23GCnews', 'https://x.com/search?f=tweets&q=%23Emirates', 'https://x.com/search?f=tweets&q=%23MENA', 'https://x.com/search?f=tweets&q=%23banking']",0,0,0,30,ENBD,"Emirates NBD has announced a strategic partnership with Sobha Realty; to provide integrated home financing solutions for buyers of the premium luxury developer’s off-plan residential developments across Dubai.
Read more on gulfconstructiononline.com/A…

#GCnews #Emirates #MENA #banking",https://x.com/Gulf_const/status/2043221326924554588,"Emirates NBD has announced a strategic partnership with Sobha Realty; to provide integrated home financing solutions for buyers of the premium luxury developer’s off-plan residential developments across Dubai.
Read more on https://t.co/C5VKVLDn7t

#GCnews #Emirates #MENA #banking https://t.co/Iise586Pj8","Emirates NBD has announced a strategic partnership with Sobha Realty; to provide integrated home financing solutions for buyers of the premium luxury developer’s off-plan residential developments across Dubai.
Read more on https://t.co/C5VKVLDn7t

#GCnews #Emirates #MENA #banking https://t.co/Iise586Pj8",Emirates NBD has announced a strategic partnership with Sobha Realty to provide integrated home financing solutions for buyers of the premium luxury developer’s off-plan residential developments across Dubai.,Cust,Positive,2026-04-12 10:55:00+04:00,2026-04-12
2043212995296157763,https://x.com/Belalel95071570/status/2043212995296157763,https://x.com/Belalel95071570,Belalel95071570,Belal elsayed,https://pbs.twimg.com/profile_images/1844287269080887297/e1XC-xnn_bigger.jpg,,"الخميـــــــــــــس الونيـــــــــــس 🤩 
اشتر قهوتك من مولتن والثانية مجانا مع بطاقات #بنك_الإمارات_دبي_الوطني 💳 

للتفاصيل:https://t.co/e7pJxUCJeB https://t.co/zoLns3Ls04",مر اكثر من ٢٤ ساعة ولا اتواصلتم معي ؟ خير انشاء الله مافي خدمة عملاء يعني ؟؟؟؟,False,,['EmiratesNBD_KSA'],20h,"Apr 12, 2026 · 6:21 AM UTC",2026-04-12 06:21:00+00:00,,,0,0,0,7,ENBD,مر اكثر من ٢٤ ساعة ولا اتواصلتم معي ؟ خير انشاء الله مافي خدمة عملاء يعني ؟؟؟؟,https://x.com/Belalel95071570/status/2043212995296157763,"الخميـــــــــــــس الونيـــــــــــس 🤩 
اشتر قهوتك من مولتن والثانية مجانا مع بطاقات #بنك_الإمارات_دبي_الوطني 💳 

للتفاصيل:https://t.co/e7pJxUCJeB https://t.co/zoLns3Ls04","الخميـــــــــــــس الونيـــــــــــس 🤩 
اشتر قهوتك من مولتن والثانية مجانا مع بطاقات #بنك_الإمارات_دبي_الوطني 💳 

للتفاصيل:https://t.co/e7pJxUCJeB https://t.co/zoLns3Ls04",Thursday is delicious 🤩 Buy your coffee from Molten and get the second one free with #Emirates_NBD cards 💳 For details: https://t.co/e7pJxUCJeB https://t.co/zoLns3Ls04,Cust,Positive,2026-04-12 10:21:00+04:00,2026-04-12
2043204724711621075,https://x.com/MuhammadBopxzr/status/2043204724711621075,https://x.com/MuhammadBopxzr,MuhammadBopxzr,محمد بوزيد,https://pbs.twimg.com/profile_images/2024542964106625024/lISW4RKr_bigger.jpg,,مبادرة رائعة تدعم الشركات الناشئة والاستثماري,مبادرة رائعة تدعم الشركات الناشئة والاستثماري,False,,"['SAlwashahi', 'EmiratesNBD_AE']",20h,"Apr 12, 2026 · 5:49 AM UTC",2026-04-12 05:49:00+00:00,,,0,0,0,2,ENBD,مبادرة رائعة تدعم الشركات الناشئة والاستثماري,,,مبادرة رائعة تدعم الشركات الناشئة والاستثماري,A wonderful initiative that supports startups and investment.,Cust,Positive,2026-04-12 09:49:00+04:00,2026-04-12
2043207487977918492,https://x.com/emiratesislamic/status/2043207487977918492,https://x.com/emiratesislamic,emiratesislamic,emiratesislamic,https://pbs.twimg.com/profile_images/1526452318874619904/yJhExjro_bigger.jpg,,"وطنٌ يجمعنا. وفخرٌ نعيشه معاً. 🇦🇪
انسجاماً مع دعوة صاحب السمو الشيخ محمد بن راشد آل مكتوم، لِنرفع علم دولة الإمارات عالياً ونعتز بروح الوحدة والقوة التي تميز وطننا.
كن جزءاً من هذه اللحظة. #فخورين_بالٍامارات https://t.co/aHwdCBkxRG","Seeing progress keeps you going.

💡 Tip:
Track what you’ve paid off not just what’s left

It keeps motivation high.

<a href=""/search?f=tweets&amp;q=%23EIFinancialWellbeing"">#EIFinancialWellbeing</a> <a href=""/search?f=tweets&amp;q=%23SmartMoneyMindset"">#SmartMoneyMindset</a> <a href=""/search?f=tweets&amp;q=%23EmiratesIslamic"">#EmiratesIslamic</a>

<a href=""https://www.emiratesislamic.ae/en/key-information/financial-wellbeing?utm_source=homepage&amp;utm_medium=website&amp;utm_content=sliding_menu_2_eng&amp;utm_campaign=finliteracy_082024"">emiratesislamic.ae/en/key-in…</a>",False,,,20h,"Apr 12, 2026 · 6:00 AM UTC",2026-04-12 06:00:00+00:00,,"['https://x.com/search?f=tweets&q=%23EIFinancialWellbeing', 'https://x.com/search?f=tweets&q=%23SmartMoneyMindset', 'https://x.com/search?f=tweets&q=%23EmiratesIslamic', 'https://www.emiratesislamic.ae/en/key-information/financial-wellbeing?utm_source=homepage&utm_medium=website&utm_content=sliding_menu_2_eng&utm_campaign=finliteracy_082024']",0,0,0,80,EI,"Seeing progress keeps you going.

💡 Tip:
Track what you’ve paid off not just what’s left

It keeps motivation high.

#EIFinancialWellbeing #SmartMoneyMindset #EmiratesIslamic

emiratesislamic.ae/en/key-in…",https://x.com/emiratesislamic/status/2043207487977918492,"وطنٌ يجمعنا. وفخرٌ نعيشه معاً. 🇦🇪
انسجاماً مع دعوة صاحب السمو الشيخ محمد بن راشد آل مكتوم، لِنرفع علم دولة الإمارات عالياً ونعتز بروح الوحدة والقوة التي تميز وطننا.
كن جزءاً من هذه اللحظة. #فخورين_بالٍامارات https://t.co/aHwdCBkxRG","وطنٌ يجمعنا. وفخرٌ نعيشه معاً. 🇦🇪
انسجاماً مع دعوة صاحب السمو الشيخ محمد بن راشد آل مكتوم، لِنرفع علم دولة الإمارات عالياً ونعتز بروح الوحدة والقوة التي تميز وطننا.
كن جزءاً من هذه اللحظة. #فخورين_بالٍامارات https://t.co/aHwdCBkxRG","A homeland that unites us. A pride we live together. 🇦🇪 In harmony with the call of His Highness Sheikh Mohammed bin Rashid Al Maktoum, let us raise the flag of the United Arab Emirates high and cherish the spirit of unity and strength that distinguishes our homeland. Be part of this moment. #Proud_of_the_Emirates",Bank,Neutral,2026-04-12 10:00:00+04:00,2026-04-12
2043160438330839389,https://x.com/Charbel96960993/status/2043160438330839389,https://x.com/Charbel96960993,Charbel96960993,Charbel Helou,https://pbs.twimg.com/abs.twimg.com/sticky/default_profile_images/default_profile_bigger.png,,"@emiratesislamic 
تحديث رقم الهاتف 00971505160117","<a href=""/emiratesislamic"" title=""emiratesislamic"">@emiratesislamic</a> 
تحديث رقم الهاتف 00971505160117",False,,,23h,"Apr 12, 2026 · 2:53 AM UTC",2026-04-12 02:53:00+00:00,,['https://x.com/emiratesislamic'],0,0,0,3,EI,"@emiratesislamic 
تحديث رقم الهاتف 00971505160117",https://x.com/Charbel96960993/status/2043160438330839389,"@emiratesislamic 
تحديث رقم الهاتف 00971505160117","@emiratesislamic 
تحديث رقم الهاتف 00971505160117",Update phone number 00971505160117,Cust,Neutral,2026-04-12 06:53:00+04:00,2026-04-12
2043207487927554424,https://x.com/emiratesislamic/status/2043207487927554424,https://x.com/emiratesislamic,emiratesislamic,emiratesislamic,https://pbs.twimg.com/profile_images/1526452318874619904/yJhExjro_bigger.jpg,,"رؤية خطواتك تتقدم تحفّزك على الاستمرار.

💡نصيحة: تابع ما قمت بسداده، وليس فقط ما تبقّى.

الإنجاز البسيط يمنحك دافعاً أكبر للاستمرار.

#نظرتك_المالية #التثقيف_المالي #الإمارات_الإسلامي

https://t.co/mgtIcQsyLZ","رؤية خطواتك تتقدم تحفّزك على الاستمرار.

💡نصيحة: تابع ما قمت بسداده، وليس فقط ما تبقّى.

الإنجاز البسيط يمنحك دافعاً أكبر للاستمرار.

<a href=""/search?f=tweets&amp;q=%23نظرتك_المالية"">#نظرتك_المالية</a> <a href=""/search?f=tweets&amp;q=%23التثقيف_المالي"">#التثقيف_المالي</a> <a href=""/search?f=tweets&amp;q=%23الإمارات_الإسلامي"">#الإمارات_الإسلامي</a>

<a href=""https://www.emiratesislamic.ae/ar/key-information/financial-wellbeing?utm_source=homepage&amp;utm_medium=website&amp;utm_content=sliding_menu_2_eng&amp;utm_campaign=finliteracy_082024"">emiratesislamic.ae/ar/key-in…</a>",False,,,20h,"Apr 12, 2026 · 6:00 AM UTC",2026-04-12 06:00:00+00:00,,"['https://x.com/search?f=tweets&q=%23نظرتك_المالية', 'https://x.com/search?f=tweets&q=%23التثقيف_المالي', 'https://x.com/search?f=tweets&q=%23الإمارات_الإسلامي', 'https://www.emiratesislamic.ae/ar/key-information/financial-wellbeing?utm_source=homepage&utm_medium=website&utm_content=sliding_menu_2_eng&utm_campaign=finliteracy_082024']",0,0,0,91,EI,"رؤية خطواتك تتقدم تحفّزك على الاستمرار.

💡نصيحة: تابع ما قمت بسداده، وليس فقط ما تبقّى.

الإنجاز البسيط يمنحك دافعاً أكبر للاستمرار.

#نظرتك_المالية #التثقيف_المالي #الإمارات_الإسلامي

emiratesislamic.ae/ar/key-in…",https://x.com/emiratesislamic/status/2043207487927554424,"رؤية خطواتك تتقدم تحفّزك على الاستمرار.

💡نصيحة: تابع ما قمت بسداده، وليس فقط ما تبقّى.

الإنجاز البسيط يمنحك دافعاً أكبر للاستمرار.

#نظرتك_المالية #التثقيف_المالي #الإمارات_الإسلامي

https://t.co/mgtIcQsyLZ","رؤية خطواتك تتقدم تحفّزك على الاستمرار.

💡نصيحة: تابع ما قمت بسداده، وليس فقط ما تبقّى.

الإنجاز البسيط يمنحك دافعاً أكبر للاستمرار.

#نظرتك_المالية #التثقيف_المالي #الإمارات_الإسلامي

https://t.co/mgtIcQsyLZ","Seeing your progress motivates you to keep going.

💡Tip: Focus on what you have paid off, not just what remains.

A small achievement gives you a greater drive to continue.",Bank,Neutral,2026-04-12 10:00:00+04:00,2026-04-12
